"LONG_SCHOOL_YEAR","SCHOOL_DSTRCT_CD","SCHOOL_DSTRCT_NM","INSTN_NUMBER","INSTN_NAME","CATEGORY","SALARIES","BENEFITS","SALARIES_AND_BENEFITS","% Rev- GF/Title/Lottery","% Rev- Total K-12","% Exp- GF/Title/Lottery","% Exp-Total K-12"
"2017-18","601","Appling County","ALL","All Column Values","General Administration",171883.08,133648.06,305531.14,0.84,0.71,0.9,0.81
"2017-18","601","Appling County","ALL","All Column Values","School Administration",885212.86,444072.11,1329284.97,3.64,3.08,3.92,3.53
"2017-18","601","Appling County","ALL","All Column Values","Teachers and Paraprofessionals",13554351.23,5797862.59,19352213.82,53.03,44.85,57.01,51.41
"2017-18","602","Atkinson County","ALL","All Column Values","General Administration",131171.42,114723.55,245894.97,1.49,1.32,1.52,1.34
"2017-18","602","Atkinson County","ALL","All Column Values","School Administration",603699.61,297414.85,901114.46,5.45,4.86,5.56,4.9
"2017-18","602","Atkinson County","ALL","All Column Values","Teachers and Paraprofessionals",6005437.52,3045259.1,9050696.62,54.74,48.77,55.81,49.18
"2017-18","603","Bacon County","ALL","All Column Values","General Administration",356406.56,149924.31,506330.87,2.37,2.09,2.5,2.28
"2017-18","603","Bacon County","ALL","All Column Values","School Administration",661208.54,284374.78,945583.32,4.42,3.9,4.67,4.26
"2017-18","603","Bacon County","ALL","All Column Values","Teachers and Paraprofessionals",7920496.75,3246835.3,11167332.05,52.22,46.07,55.18,50.28
"2017-18","604","Baker County","ALL","All Column Values","General Administration",188520.89,96068.45,284589.34,6.08,5.61,5.98,5.61
"2017-18","604","Baker County","ALL","All Column Values","School Administration",83255.4,89418.97,172674.37,3.69,3.4,3.63,3.4
"2017-18","604","Baker County","ALL","All Column Values","Teachers and Paraprofessionals",1229452.65,642343.7,1871796.35,40,36.88,39.3,36.87
"2017-18","605","Baldwin County","ALL","All Column Values","General Administration",634582.7,483932.55,1118515.25,2.25,1.86,2.4,2.01
"2017-18","605","Baldwin County","ALL","All Column Values","School Administration",1452140.56,732380.5,2184521.06,4.39,3.63,4.69,3.92
"2017-18","605","Baldwin County","ALL","All Column Values","Teachers and Paraprofessionals",16643178.99,8309046.39,24952225.38,50.16,41.42,53.56,44.74
"2017-18","606","Banks County","ALL","All Column Values","General Administration",331575.44,164219,495794.44,1.74,1.5,1.8,1.39
"2017-18","606","Banks County","ALL","All Column Values","School Administration",765423.61,455550.14,1220973.75,4.28,3.69,4.43,3.43
"2017-18","606","Banks County","ALL","All Column Values","Teachers and Paraprofessionals",11384773.41,5473087.19,16857860.6,59.06,50.91,61.11,47.31
"2017-18","607","Barrow County","ALL","All Column Values","General Administration",851018.39,1093684.69,1944703.08,1.5,1.2,1.56,1.35
"2017-18","607","Barrow County","ALL","All Column Values","School Administration",3413304.02,2166485.89,5579789.91,4.3,3.43,4.48,3.87
"2017-18","607","Barrow County","ALL","All Column Values","Teachers and Paraprofessionals",48660741.2,23885456.08,72546197.28,55.97,44.59,58.25,50.32
"2017-18","608","Bartow County","ALL","All Column Values","General Administration",380691.7,248462.59,629154.29,0.49,0.41,0.52,0.37
"2017-18","608","Bartow County","ALL","All Column Values","School Administration",3989643.13,2350478.87,6340122,4.9,4.12,5.26,3.68
"2017-18","608","Bartow County","ALL","All Column Values","Teachers and Paraprofessionals",46270852.33,23201020.34,69471872.67,53.73,45.12,57.69,40.37
"2017-18","609","Ben Hill County","ALL","All Column Values","General Administration",382645.3,222413.72,605059.02,2,1.76,2.06,1.82
"2017-18","609","Ben Hill County","ALL","All Column Values","School Administration",846681.98,502528.62,1349210.6,4.46,3.93,4.59,4.06
"2017-18","609","Ben Hill County","ALL","All Column Values","Teachers and Paraprofessionals",10914924.65,5429027.69,16343952.34,53.99,47.63,55.64,49.24
"2017-18","610","Berrien County","ALL","All Column Values","General Administration",314809.08,174876.98,489686.06,1.63,1.46,1.73,1.35
"2017-18","610","Berrien County","ALL","All Column Values","School Administration",801851.59,413660.26,1215511.85,4.04,3.63,4.3,3.35
"2017-18","610","Berrien County","ALL","All Column Values","Teachers and Paraprofessionals",11525041.66,4922461.08,16447502.74,54.71,49.1,58.16,45.28
"2017-18","611","Bibb County","ALL","All Column Values","General Administration",1239033.93,1137218.24,2376252.17,0.92,0.78,0.91,0.78
"2017-18","611","Bibb County","ALL","All Column Values","School Administration",8520522.45,4920979.84,13441502.29,5.18,4.39,5.16,4.4
"2017-18","611","Bibb County","ALL","All Column Values","Teachers and Paraprofessionals",84713639.35,40094832.77,124808472.12,48.1,40.77,47.9,40.84
"2017-18","612","Bleckley County","ALL","All Column Values","General Administration",237860.55,117445.84,355306.39,1.53,1.36,1.62,1.41
"2017-18","612","Bleckley County","ALL","All Column Values","School Administration",831215.43,361396.94,1192612.37,5.12,4.56,5.44,4.75
"2017-18","612","Bleckley County","ALL","All Column Values","Teachers and Paraprofessionals",8840702.34,3430132.68,12270835.02,52.71,46.88,55.97,48.84
"2017-18","613","Brantley County","ALL","All Column Values","General Administration",374587.16,179160.57,553747.73,1.71,1.45,1.79,1.53
"2017-18","613","Brantley County","ALL","All Column Values","School Administration",1215189.01,517616.48,1732805.49,5.35,4.54,5.6,4.8
"2017-18","613","Brantley County","ALL","All Column Values","Teachers and Paraprofessionals",12626078.49,5188531.06,17814609.55,54.97,46.7,57.57,49.38
"2017-18","614","Brooks County","ALL","All Column Values","General Administration",507249.44,324119.55,831368.99,3.68,3.31,3.69,3.25
"2017-18","614","Brooks County","ALL","All Column Values","School Administration",947092.79,479106.87,1426199.66,6.31,5.67,6.33,5.58
"2017-18","614","Brooks County","ALL","All Column Values","Teachers and Paraprofessionals",7156902.78,3571245.01,10728147.79,47.47,42.66,47.63,41.94
"2017-18","615","Bryan County","ALL","All Column Values","General Administration",342073.2,212792.93,554866.13,0.74,0.33,0.75,0.62
"2017-18","615","Bryan County","ALL","All Column Values","School Administration",2590218.09,1219121.92,3809340.01,5.1,2.3,5.14,4.26
"2017-18","615","Bryan County","ALL","All Column Values","Teachers and Paraprofessionals",29917222,13374722.26,43291944.26,57.98,26.12,58.44,48.38
"2017-18","616","Bulloch County","ALL","All Column Values","General Administration",335189.64,182352.3,517541.94,0.52,0.32,0.54,0.45
"2017-18","616","Bulloch County","ALL","All Column Values","School Administration",3453243.21,1694829.81,5148073.02,5.21,3.19,5.32,4.45
"2017-18","616","Bulloch County","ALL","All Column Values","Teachers and Paraprofessionals",40043372.94,16372321.27,56415694.21,57.09,34.94,58.33,48.77
"2017-18","617","Burke County","ALL","All Column Values","General Administration",714737.77,432704.87,1147442.64,1.7,1.61,2.11,1.91
"2017-18","617","Burke County","ALL","All Column Values","School Administration",2297309.3,1073675.93,3370985.23,5,4.72,6.21,5.62
"2017-18","617","Burke County","ALL","All Column Values","Teachers and Paraprofessionals",18864633.89,9228894.91,28093528.8,41.66,39.34,51.75,46.83
"2017-18","618","Butts County","ALL","All Column Values","General Administration",450153.99,338101.59,788255.58,2.44,1.99,2.52,1.73
"2017-18","618","Butts County","ALL","All Column Values","School Administration",1444947.81,719017.85,2163965.66,6.69,5.47,6.93,4.75
"2017-18","618","Butts County","ALL","All Column Values","Teachers and Paraprofessionals",10842109.4,5574490.1,16416599.5,50.75,41.52,52.58,36.01
"2017-18","619","Calhoun County","ALL","All Column Values","General Administration",445369.7,221549.14,666918.84,8.21,4.43,9.4,8.2
"2017-18","619","Calhoun County","ALL","All Column Values","School Administration",312357.86,160878.35,473236.21,5.83,3.14,6.67,5.82
"2017-18","619","Calhoun County","ALL","All Column Values","Teachers and Paraprofessionals",1672784.75,926586.5,2599371.25,32.01,17.26,36.64,31.96
"2017-18","620","Camden County","ALL","All Column Values","General Administration",291034.58,217072.34,508106.92,0.56,0.5,0.65,0.58
"2017-18","620","Camden County","ALL","All Column Values","School Administration",3190982.77,1249057.98,4440040.75,4.94,4.36,5.71,5.11
"2017-18","620","Camden County","ALL","All Column Values","Teachers and Paraprofessionals",31364903.69,11935849.67,43300753.36,48.14,42.48,55.69,49.79
"2017-18","621","Candler County","ALL","All Column Values","General Administration",405663.86,189394.04,595057.9,2.95,2.49,3.28,2.89
"2017-18","621","Candler County","ALL","All Column Values","School Administration",582546.5,344923.31,927469.81,4.59,3.88,5.12,4.51
"2017-18","621","Candler County","ALL","All Column Values","Teachers and Paraprofessionals",6707862.27,3609742.86,10317605.13,51.07,43.11,56.91,50.18
"2017-18","622","Carroll County","ALL","All Column Values","General Administration",531326.36,360553.9,891880.26,0.64,0.55,0.66,0.57
"2017-18","622","Carroll County","ALL","All Column Values","School Administration",4790384.57,2804438.12,7594822.69,5.46,4.72,5.63,4.82
"2017-18","622","Carroll County","ALL","All Column Values","Teachers and Paraprofessionals",51030027.45,25039869.64,76069897.09,54.67,47.26,56.4,48.27
"2017-18","623","Catoosa County","ALL","All Column Values","General Administration",297484.68,255751.63,553236.31,0.5,0.44,0.52,0.39
"2017-18","623","Catoosa County","ALL","All Column Values","School Administration",3870984.11,2266518.99,6137503.1,5.6,4.89,5.79,4.35
"2017-18","623","Catoosa County","ALL","All Column Values","Teachers and Paraprofessionals",43620586,21097881.47,64718467.47,59.03,51.56,61.01,45.84
"2017-18","624","Charlton County","ALL","All Column Values","General Administration",353754.96,168572.86,522327.82,3.13,2.29,3.24,2.72
"2017-18","624","Charlton County","ALL","All Column Values","School Administration",544693.2,312335.95,857029.15,5.14,3.77,5.32,4.46
"2017-18","624","Charlton County","ALL","All Column Values","Teachers and Paraprofessionals",5427122.85,2607531.8,8034654.65,48.17,35.3,49.89,41.85
"2017-18","625","Chatham County","ALL","All Column Values","General Administration",4684148.55,2642178.3,7326326.85,1.71,1.37,1.74,1.49
"2017-18","625","Chatham County","ALL","All Column Values","School Administration",12768879.91,6809846.11,19578726.02,4.57,3.67,4.65,3.98
"2017-18","625","Chatham County","ALL","All Column Values","Teachers and Paraprofessionals",157323696.63,71271062.44,228594759.07,53.36,42.89,54.32,46.46
"2017-18","626","Chattahoochee County","ALL","All Column Values","General Administration",514797.74,216922.78,731720.52,8.38,5.69,8.09,6.68
"2017-18","626","Chattahoochee County","ALL","All Column Values","School Administration",372603.35,150557.31,523160.66,5.99,4.07,5.78,4.77
"2017-18","626","Chattahoochee County","ALL","All Column Values","Teachers and Paraprofessionals",3072029.38,1333776.89,4405806.27,50.49,34.26,48.7,40.21
"2017-18","627","Chattooga County","ALL","All Column Values","General Administration",349828.87,133288.01,483116.88,1.71,1.43,1.79,1.33
"2017-18","627","Chattooga County","ALL","All Column Values","School Administration",985581.03,550935.94,1536516.97,5.44,4.55,5.69,4.23
"2017-18","627","Chattooga County","ALL","All Column Values","Teachers and Paraprofessionals",9359114.27,4339550.21,13698664.48,48.49,40.57,50.77,37.75
"2017-18","628","Cherokee County","ALL","All Column Values","General Administration",1840464.18,1218021.34,3058485.52,0.75,0.59,0.77,0.64
"2017-18","628","Cherokee County","ALL","All Column Values","School Administration",11761050.37,6911480.12,18672530.49,4.59,3.6,4.68,3.93
"2017-18","628","Cherokee County","ALL","All Column Values","Teachers and Paraprofessionals",164498006.45,73835956.03,238333962.48,58.64,45.98,59.74,50.21
"2017-18","629","Clarke County","ALL","All Column Values","General Administration",1166952.13,643956.87,1810909,1.12,0.92,1.15,0.84
"2017-18","629","Clarke County","ALL","All Column Values","School Administration",4494169.63,2416353.6,6910523.23,4.28,3.52,4.38,3.21
"2017-18","629","Clarke County","ALL","All Column Values","Teachers and Paraprofessionals",55428783.61,28882615,84311398.61,52.22,42.99,53.43,39.14
"2017-18","630","Clay County","ALL","All Column Values","General Administration",172144.8,41960.69,214105.49,5.49,4.82,6.27,5.43
"2017-18","630","Clay County","ALL","All Column Values","School Administration",214500.57,110838.17,325338.74,8.34,7.32,9.53,8.26
"2017-18","630","Clay County","ALL","All Column Values","Teachers and Paraprofessionals",847359.95,325744.6,1173104.55,30.06,26.4,34.36,29.77
"2017-18","631","Clayton County","ALL","All Column Values","General Administration",3409797.01,1507858.58,4917655.59,1.01,0.84,0.98,0.82
"2017-18","631","Clayton County","ALL","All Column Values","School Administration",17388325.89,7593624.56,24981950.45,5.12,4.27,4.96,4.17
"2017-18","631","Clayton County","ALL","All Column Values","Teachers and Paraprofessionals",186934248.61,79912556.97,266846805.58,54.67,45.56,53.01,44.53
"2017-18","632","Clinch County","ALL","All Column Values","General Administration",376570.75,205290.54,581861.29,3.78,3.43,4.41,3.91
"2017-18","632","Clinch County","ALL","All Column Values","School Administration",405477.42,237914.79,643392.21,4.18,3.79,4.88,4.32
"2017-18","632","Clinch County","ALL","All Column Values","Teachers and Paraprofessionals",4868648.71,2482157.4,7350806.11,47.75,43.28,55.75,49.34
"2017-18","633","Cobb County","ALL","All Column Values","General Administration",5167472.37,3714706.08,8882178.45,0.79,0.67,0.82,0.69
"2017-18","633","Cobb County","ALL","All Column Values","School Administration",40054256.36,21144377.55,61198633.91,5.45,4.65,5.64,4.78
"2017-18","633","Cobb County","ALL","All Column Values","Teachers and Paraprofessionals",464423609.99,208458368.88,672881978.87,59.88,51.12,62.02,52.56
"2017-18","634","Coffee County","ALL","All Column Values","General Administration",557489.91,282741.74,840231.65,1.16,1.01,1.21,0.97
"2017-18","634","Coffee County","ALL","All Column Values","School Administration",1846693.82,1136693.45,2983387.27,4.12,3.58,4.31,3.44
"2017-18","634","Coffee County","ALL","All Column Values","Teachers and Paraprofessionals",25763016.07,12867419.77,38630435.84,53.32,46.3,55.83,44.57
"2017-18","635","Colquitt County","ALL","All Column Values","General Administration",796310.23,361401.63,1157711.86,1.27,1.01,1.3,1.04
"2017-18","635","Colquitt County","ALL","All Column Values","School Administration",2931240.63,1223725.93,4154966.56,4.56,3.64,4.67,3.74
"2017-18","635","Colquitt County","ALL","All Column Values","Teachers and Paraprofessionals",34528457.53,15499923.23,50028380.76,54.96,43.77,56.22,45.02
"2017-18","636","Columbia County","ALL","All Column Values","General Administration",234663.22,435369.38,670032.6,0.28,0.25,0.29,0.24
"2017-18","636","Columbia County","ALL","All Column Values","School Administration",7528042.1,4070126.95,11598169.05,4.91,4.26,5.01,4.13
"2017-18","636","Columbia County","ALL","All Column Values","Teachers and Paraprofessionals",95675326.56,43734153.63,139409480.19,59.06,51.25,60.22,49.64
"2017-18","637","Cook County","ALL","All Column Values","General Administration",441814.36,228725.31,670539.67,2.32,2.03,2.41,2.11
"2017-18","637","Cook County","ALL","All Column Values","School Administration",667081.68,383393.2,1050474.88,3.64,3.17,3.78,3.3
"2017-18","637","Cook County","ALL","All Column Values","Teachers and Paraprofessionals",10856519.74,4510096.66,15366616.4,53.24,46.41,55.26,48.31
"2017-18","638","Coweta County","ALL","All Column Values","General Administration",463326.92,394203.36,857530.28,0.41,0.35,0.42,0.36
"2017-18","638","Coweta County","ALL","All Column Values","School Administration",7889661.52,4113319.26,12002980.78,5.68,4.9,5.84,5.09
"2017-18","638","Coweta County","ALL","All Column Values","Teachers and Paraprofessionals",85501747.03,39415700.72,124917447.75,59.16,50.96,60.74,52.95
"2017-18","639","Crawford County","ALL","All Column Values","General Administration",465601.14,214334.54,679935.68,4.33,3.87,4.4,3.94
"2017-18","639","Crawford County","ALL","All Column Values","School Administration",571791.8,353191.84,924983.64,5.9,5.26,5.99,5.36
"2017-18","639","Crawford County","ALL","All Column Values","Teachers and Paraprofessionals",6284996.4,2793447.68,9078444.08,57.86,51.61,58.77,52.64
"2017-18","640","Crisp County","ALL","All Column Values","General Administration",523124.96,247490.46,770615.42,1.89,1.61,1.96,1.73
"2017-18","640","Crisp County","ALL","All Column Values","School Administration",1215129.12,733751.48,1948880.6,4.78,4.08,4.95,4.37
"2017-18","640","Crisp County","ALL","All Column Values","Teachers and Paraprofessionals",14383332.7,7270866.69,21654199.39,53.14,45.36,54.96,48.59
"2017-18","641","Dade County","ALL","All Column Values","General Administration",262464.6,169281.11,431745.71,2.13,1.79,2.21,1.83
"2017-18","641","Dade County","ALL","All Column Values","School Administration",697425.89,396362.24,1093788.13,5.39,4.53,5.6,4.64
"2017-18","641","Dade County","ALL","All Column Values","Teachers and Paraprofessionals",7651893.58,3905883.18,11557776.76,56.91,47.84,59.17,49.02
"2017-18","642","Dawson County","ALL","All Column Values","General Administration",373145.45,248507.07,621652.52,1.56,1.25,1.5,1.2
"2017-18","642","Dawson County","ALL","All Column Values","School Administration",1624699.36,738146.08,2362845.44,5.94,4.74,5.71,4.55
"2017-18","642","Dawson County","ALL","All Column Values","Teachers and Paraprofessionals",14047075.65,7291085.06,21338160.71,53.67,42.8,51.53,41.13
"2017-18","643","Decatur County","ALL","All Column Values","General Administration",400259,117439.62,517698.62,1.03,0.89,1.12,0.92
"2017-18","643","Decatur County","ALL","All Column Values","School Administration",1859661.84,816379.51,2676041.35,5.31,4.58,5.81,4.77
"2017-18","643","Decatur County","ALL","All Column Values","Teachers and Paraprofessionals",17484812.76,8238551.3,25723364.06,51.06,43.99,55.83,45.89
"2017-18","644","DeKalb County","ALL","All Column Values","General Administration",4397290.58,3816880.07,8214170.65,0.73,0.63,0.74,0.61
"2017-18","644","DeKalb County","ALL","All Column Values","School Administration",34793728.9,17221179.78,52014908.68,4.61,3.98,4.67,3.89
"2017-18","644","DeKalb County","ALL","All Column Values","Teachers and Paraprofessionals",410897501.65,177960008.5,588857510.15,52.2,45.04,52.89,44.04
"2017-18","645","Dodge County","ALL","All Column Values","General Administration",292318.03,154704.99,447023.02,1.5,1.26,1.57,1.35
"2017-18","645","Dodge County","ALL","All Column Values","School Administration",796770.45,394669.95,1191440.4,3.99,3.36,4.18,3.59
"2017-18","645","Dodge County","ALL","All Column Values","Teachers and Paraprofessionals",12256337.9,5285029.44,17541367.34,58.77,49.48,61.51,52.88
"2017-18","646","Dooly County","ALL","All Column Values","General Administration",348920.8,164768.45,513689.25,3.83,3.25,3.8,2.77
"2017-18","646","Dooly County","ALL","All Column Values","School Administration",703105.41,383322.42,1086427.83,8.1,6.88,8.03,5.87
"2017-18","646","Dooly County","ALL","All Column Values","Teachers and Paraprofessionals",4329732.16,2112016.18,6441748.34,48.04,40.77,47.62,34.78
"2017-18","647","Dougherty County","ALL","All Column Values","General Administration",1271189.82,721069.01,1992258.83,1.29,0.89,1.34,0.94
"2017-18","647","Dougherty County","ALL","All Column Values","School Administration",5422131.25,2692274.7,8114405.95,5.26,3.63,5.46,3.83
"2017-18","647","Dougherty County","ALL","All Column Values","Teachers and Paraprofessionals",48360737.16,24897206.37,73257943.53,47.44,32.78,49.27,34.59
"2017-18","648","Douglas County","ALL","All Column Values","General Administration",1262047.03,789976.97,2052024,0.81,0.69,0.81,0.68
"2017-18","648","Douglas County","ALL","All Column Values","School Administration",8562032.1,5141950.02,13703982.12,5.38,4.58,5.43,4.54
"2017-18","648","Douglas County","ALL","All Column Values","Teachers and Paraprofessionals",99938402.89,47483244.05,147421646.94,57.89,49.22,58.46,48.82
"2017-18","649","Early County","ALL","All Column Values","General Administration",333371.04,186869.8,520240.84,2.26,1.99,2.39,2.13
"2017-18","649","Early County","ALL","All Column Values","School Administration",831076.28,380521.31,1211597.59,5.26,4.65,5.57,4.96
"2017-18","649","Early County","ALL","All Column Values","Teachers and Paraprofessionals",8906475.35,4154617.04,13061092.39,56.75,50.09,60,53.47
"2017-18","650","Echols County","ALL","All Column Values","General Administration",231551.76,109249.35,340801.11,3.89,3.43,4.06,3.59
"2017-18","650","Echols County","ALL","All Column Values","School Administration",230969.68,155033.65,386003.33,4.4,3.88,4.6,4.07
"2017-18","650","Echols County","ALL","All Column Values","Teachers and Paraprofessionals",3157724.49,1599109.5,4756833.99,54.26,47.86,56.66,50.1
"2017-18","651","Effingham County","ALL","All Column Values","General Administration",1240374.14,583497.65,1823871.79,1.63,1.44,1.64,1.34
"2017-18","651","Effingham County","ALL","All Column Values","School Administration",3711896.93,1915980.53,5627877.46,5.03,4.43,5.08,4.12
"2017-18","651","Effingham County","ALL","All Column Values","Teachers and Paraprofessionals",50377903.97,20742321.98,71120225.95,63.53,55.99,64.14,52.13
"2017-18","652","Elbert County","ALL","All Column Values","General Administration",149276.1,218505.16,367781.26,1.18,1.04,1.27,1.07
"2017-18","652","Elbert County","ALL","All Column Values","School Administration",1092891.45,675367.45,1768258.9,5.69,4.98,6.12,5.14
"2017-18","652","Elbert County","ALL","All Column Values","Teachers and Paraprofessionals",11060164.56,5388924.96,16449089.52,52.89,46.31,56.89,47.78
"2017-18","653","Emanuel County","ALL","All Column Values","General Administration",475893.44,257234.18,733127.62,1.87,1.64,1.95,1.69
"2017-18","653","Emanuel County","ALL","All Column Values","School Administration",1285249.3,738034.02,2023283.32,5.16,4.51,5.38,4.67
"2017-18","653","Emanuel County","ALL","All Column Values","Teachers and Paraprofessionals",14548349.88,7492668.24,22041018.12,56.23,49.17,58.61,50.87
"2017-18","654","Evans County","ALL","All Column Values","General Administration",128130.13,125476.21,253606.34,1.44,1.24,1.49,1.24
"2017-18","654","Evans County","ALL","All Column Values","School Administration",813746.69,354601.04,1168347.73,6.62,5.7,6.87,5.7
"2017-18","654","Evans County","ALL","All Column Values","Teachers and Paraprofessionals",5754624.2,2512670.39,8267294.59,46.84,40.32,48.62,40.31
"2017-18","655","Fannin County","ALL","All Column Values","General Administration",517773.17,271716.33,789489.5,2.18,1.83,2.31,1.85
"2017-18","655","Fannin County","ALL","All Column Values","School Administration",1077978.87,794110.28,1872089.15,5.16,4.33,5.47,4.38
"2017-18","655","Fannin County","ALL","All Column Values","Teachers and Paraprofessionals",12169033.19,6885889.89,19054923.08,52.54,44.1,55.72,44.61
"2017-18","656","Fayette County","ALL","All Column Values","General Administration",805971.98,558744.99,1364716.97,0.64,0.47,0.67,0.5
"2017-18","656","Fayette County","ALL","All Column Values","School Administration",6653484.29,3515022.52,10168506.81,4.78,3.51,4.97,3.74
"2017-18","656","Fayette County","ALL","All Column Values","Teachers and Paraprofessionals",85869805.9,36024473.97,121894279.87,57.33,42.1,59.61,44.81
"2017-18","657","Floyd County","ALL","All Column Values","General Administration",611667.36,1052780.55,1664447.91,1.59,1.07,1.68,1.4
"2017-18","657","Floyd County","ALL","All Column Values","School Administration",3886806.98,1955890.6,5842697.58,5.58,3.75,5.9,4.93
"2017-18","657","Floyd County","ALL","All Column Values","Teachers and Paraprofessionals",39695869.4,18522617.93,58218487.33,55.58,37.41,58.82,49.09
"2017-18","658","Forsyth County","ALL","All Column Values","General Administration",1724982.43,769122.91,2494105.34,0.59,0.49,0.6,0.46
"2017-18","658","Forsyth County","ALL","All Column Values","School Administration",12596993.9,6972553.67,19569547.57,4.61,3.81,4.68,3.62
"2017-18","658","Forsyth County","ALL","All Column Values","Teachers and Paraprofessionals",186209528.71,83857312.58,270066841.29,63.56,52.56,64.65,49.95
"2017-18","659","Franklin County","ALL","All Column Values","General Administration",300407.98,174693.35,475101.33,1.25,0.91,1.3,1.12
"2017-18","659","Franklin County","ALL","All Column Values","School Administration",1226748.86,704325.24,1931074.1,5.09,3.7,5.29,4.55
"2017-18","659","Franklin County","ALL","All Column Values","Teachers and Paraprofessionals",14631165.21,6928782.77,21559947.98,56.86,41.3,59.02,50.85
"2017-18","660","Fulton County","ALL","All Column Values","General Administration",6137306.44,9858619.44,15995925.88,1.47,1.23,1.43,1.26
"2017-18","660","Fulton County","ALL","All Column Values","School Administration",31782427.48,15948978.39,47731405.87,4.4,3.68,4.28,3.76
"2017-18","660","Fulton County","ALL","All Column Values","Teachers and Paraprofessionals",399882471.5,166471608.29,566354079.79,52.16,43.69,50.8,44.6
"2017-18","661","Gilmer County","ALL","All Column Values","General Administration",344414.52,262992.58,607407.1,1.42,1.24,1.46,1.25
"2017-18","661","Gilmer County","ALL","All Column Values","School Administration",1329239.15,839669.1,2168908.25,5.08,4.41,5.2,4.48
"2017-18","661","Gilmer County","ALL","All Column Values","Teachers and Paraprofessionals",15426694.84,7921305.07,23347999.91,54.66,47.5,56,48.18
"2017-18","662","Glascock County","ALL","All Column Values","General Administration",183857.35,80819.88,264677.23,4.08,3.84,4.13,3.79
"2017-18","662","Glascock County","ALL","All Column Values","School Administration",189485.31,61478.18,250963.49,3.87,3.64,3.92,3.59
"2017-18","662","Glascock County","ALL","All Column Values","Teachers and Paraprofessionals",2303434.06,920258.02,3223692.08,49.7,46.79,50.31,46.18
"2017-18","663","Glynn County","ALL","All Column Values","General Administration",503200.1,477969.13,981169.23,0.72,0.59,0.75,0.55
"2017-18","663","Glynn County","ALL","All Column Values","School Administration",3987307.4,2027721.09,6015028.49,4.42,3.62,4.62,3.37
"2017-18","663","Glynn County","ALL","All Column Values","Teachers and Paraprofessionals",51702038.63,24365323.01,76067361.64,55.9,45.8,58.4,42.61
"2017-18","664","Gordon County","ALL","All Column Values","General Administration",302058.38,215809.5,517867.88,0.79,0.69,0.85,0.62
"2017-18","664","Gordon County","ALL","All Column Values","School Administration",2281057.44,1310800.82,3591858.26,5.48,4.79,5.89,4.31
"2017-18","664","Gordon County","ALL","All Column Values","Teachers and Paraprofessionals",23599946.36,11250727.63,34850673.99,53.13,46.51,57.14,41.86
"2017-18","665","Grady County","ALL","All Column Values","General Administration",262673.08,122347.6,385020.68,0.92,0.82,0.95,0.81
"2017-18","665","Grady County","ALL","All Column Values","School Administration",1471411.19,715708.82,2187120.01,5.24,4.66,5.41,4.59
"2017-18","665","Grady County","ALL","All Column Values","Teachers and Paraprofessionals",16594052.06,7418923.14,24012975.2,57.5,51.11,59.4,50.43
"2017-18","666","Greene County","ALL","All Column Values","General Administration",383361.67,206523.82,589885.49,1.81,1.5,1.84,1.47
"2017-18","666","Greene County","ALL","All Column Values","School Administration",993766.11,529149.11,1522915.22,4.67,3.87,4.74,3.78
"2017-18","666","Greene County","ALL","All Column Values","Teachers and Paraprofessionals",10902375.96,5563537.76,16465913.72,50.45,41.81,51.27,40.92
"2017-18","667","Gwinnett County","ALL","All Column Values","General Administration",3319045.91,3037116.21,6356162.12,0.37,0.31,0.38,0.3
"2017-18","667","Gwinnett County","ALL","All Column Values","School Administration",63722242.16,35949677.32,99671919.48,5.75,4.86,5.99,4.76
"2017-18","667","Gwinnett County","ALL","All Column Values","Teachers and Paraprofessionals",669689545.01,296706656.43,966396201.44,55.78,47.16,58.03,46.12
"2017-18","668","Habersham County","ALL","All Column Values","General Administration",264589.8,215153.96,479743.76,0.67,0.57,0.67,0.56
"2017-18","668","Habersham County","ALL","All Column Values","School Administration",2515559.21,1367712.06,3883271.27,5.41,4.63,5.45,4.53
"2017-18","668","Habersham County","ALL","All Column Values","Teachers and Paraprofessionals",27659170.47,13501284.06,41160454.53,57.33,49.12,57.78,48.03
"2017-18","669","Hall County","ALL","All Column Values","General Administration",625317.74,459129.14,1084446.88,0.42,0.33,0.43,0.34
"2017-18","669","Hall County","ALL","All Column Values","School Administration",8026733.28,4495861.03,12522594.31,4.89,3.86,4.97,3.91
"2017-18","669","Hall County","ALL","All Column Values","Teachers and Paraprofessionals",99850112.66,47494503.57,147344616.23,57.52,45.38,58.5,46.03
"2017-18","670","Hancock County","ALL","All Column Values","General Administration",213654,91733.98,305387.98,2.71,2.41,2.69,2.5
"2017-18","670","Hancock County","ALL","All Column Values","School Administration",499859.53,211995.79,711855.32,6.32,5.61,6.27,5.82
"2017-18","670","Hancock County","ALL","All Column Values","Teachers and Paraprofessionals",3354050.57,1375691.53,4729742.1,41.99,37.31,41.67,38.67
"2017-18","671","Haralson County","ALL","All Column Values","General Administration",468182.4,214048.26,682230.66,1.83,1.65,1.99,1.72
"2017-18","671","Haralson County","ALL","All Column Values","School Administration",1150331.43,621090.13,1771421.56,4.75,4.29,5.16,4.46
"2017-18","671","Haralson County","ALL","All Column Values","Teachers and Paraprofessionals",13841710.52,6587294.74,20429005.26,54.73,49.44,59.55,51.43
"2017-18","672","Harris County","ALL","All Column Values","General Administration",411460.36,599329.51,1010789.87,1.95,1.76,2.04,1.75
"2017-18","672","Harris County","ALL","All Column Values","School Administration",1727619.91,879107.45,2606727.36,5.04,4.53,5.26,4.51
"2017-18","672","Harris County","ALL","All Column Values","Teachers and Paraprofessionals",18661332.49,8364270.56,27025603.05,52.25,46.96,54.55,46.81
"2017-18","673","Hart County","ALL","All Column Values","General Administration",386374.15,164732.91,551107.06,1.58,1.38,1.56,1.29
"2017-18","673","Hart County","ALL","All Column Values","School Administration",1141563.18,617079.5,1758642.68,5.04,4.4,4.98,4.12
"2017-18","673","Hart County","ALL","All Column Values","Teachers and Paraprofessionals",12818371.19,6242017.32,19060388.51,54.58,47.66,53.96,44.6
"2017-18","674","Heard County","ALL","All Column Values","General Administration",562332.41,214965.92,777298.33,3.88,3.04,4.1,3.06
"2017-18","674","Heard County","ALL","All Column Values","School Administration",906500.6,359219.08,1265719.68,6.33,4.94,6.67,4.98
"2017-18","674","Heard County","ALL","All Column Values","Teachers and Paraprofessionals",7030274.52,3073789.07,10104063.59,50.49,39.47,53.28,39.73
"2017-18","675","Henry County","ALL","All Column Values","General Administration",1607023.29,879794.3,2486817.59,0.63,0.53,0.63,0.44
"2017-18","675","Henry County","ALL","All Column Values","School Administration",14110381.92,7412571.6,21522953.52,5.47,4.55,5.43,3.79
"2017-18","675","Henry County","ALL","All Column Values","Teachers and Paraprofessionals",155908708.88,74116972.51,230025681.39,58.5,48.67,58.07,40.52
"2017-18","676","Houston County","ALL","All Column Values","General Administration",1355947.08,835140.97,2191088.05,0.8,0.69,0.81,0.69
"2017-18","676","Houston County","ALL","All Column Values","School Administration",10639582.47,4881960.34,15521542.81,5.66,4.87,5.75,4.9
"2017-18","676","Houston County","ALL","All Column Values","Teachers and Paraprofessionals",106985134.28,48282148,155267282.28,56.62,48.75,57.49,49.05
"2017-18","677","Irwin County","ALL","All Column Values","General Administration",346500.32,190801.98,537302.3,3.08,2.83,2.95,2.72
"2017-18","677","Irwin County","ALL","All Column Values","School Administration",579826.08,225678.87,805504.95,4.61,4.25,4.42,4.08
"2017-18","677","Irwin County","ALL","All Column Values","Teachers and Paraprofessionals",7272731.41,3013597.88,10286329.29,58.91,54.26,56.41,52.04
"2017-18","678","Jackson County","ALL","All Column Values","General Administration",639689.31,392007.85,1031697.16,1.34,1.1,1.41,1.15
"2017-18","678","Jackson County","ALL","All Column Values","School Administration",2054523.12,1127796.72,3182319.84,4.13,3.4,4.36,3.54
"2017-18","678","Jackson County","ALL","All Column Values","Teachers and Paraprofessionals",27648619.68,13031757.36,40680377.04,52.74,43.42,55.76,45.28
"2017-18","679","Jasper County","ALL","All Column Values","General Administration",226582.32,159536.34,386118.66,1.57,1.35,1.74,1.34
"2017-18","679","Jasper County","ALL","All Column Values","School Administration",858449.15,392735.69,1251184.84,5.1,4.36,5.63,4.33
"2017-18","679","Jasper County","ALL","All Column Values","Teachers and Paraprofessionals",7706308.04,3756399.52,11462707.56,46.72,39.94,51.6,39.71
"2017-18","680","Jeff Davis County","ALL","All Column Values","General Administration",420522.48,247660.07,668182.55,2.55,2.23,2.45,1.9
"2017-18","680","Jeff Davis County","ALL","All Column Values","School Administration",868684.12,334511.4,1203195.52,4.58,4.01,4.4,3.42
"2017-18","680","Jeff Davis County","ALL","All Column Values","Teachers and Paraprofessionals",10787971.2,4362378.21,15150349.41,57.72,50.45,55.45,43.07
"2017-18","681","Jefferson County","ALL","All Column Values","General Administration",160090.48,83494,243584.48,0.95,0.83,0.98,0.82
"2017-18","681","Jefferson County","ALL","All Column Values","School Administration",870371.96,402653.1,1273025.06,4.99,4.33,5.1,4.27
"2017-18","681","Jefferson County","ALL","All Column Values","Teachers and Paraprofessionals",8957402.8,4478912.94,13436315.74,52.63,45.66,53.79,45.07
"2017-18","682","Jenkins County","ALL","All Column Values","General Administration",108296.88,101539.48,209836.36,1.63,0.88,1.64,0.86
"2017-18","682","Jenkins County","ALL","All Column Values","School Administration",527834.4,256498.43,784332.83,6.07,3.3,6.14,3.22
"2017-18","682","Jenkins County","ALL","All Column Values","Teachers and Paraprofessionals",5096567.36,2113198.06,7209765.42,55.84,30.3,56.43,29.57
"2017-18","683","Johnson County","ALL","All Column Values","General Administration",110000.04,98964.53,208964.57,1.82,1.61,1.93,1.71
"2017-18","683","Johnson County","ALL","All Column Values","School Administration",419630.16,264217.12,683847.28,5.95,5.27,6.31,5.6
"2017-18","683","Johnson County","ALL","All Column Values","Teachers and Paraprofessionals",3869267.41,1925045.7,5794313.11,50.42,44.69,53.5,47.47
"2017-18","684","Jones County","ALL","All Column Values","General Administration",265381.6,211550.85,476932.45,0.91,0.68,1.01,0.84
"2017-18","684","Jones County","ALL","All Column Values","School Administration",1722427.19,790945.12,2513372.31,4.78,3.59,5.34,4.41
"2017-18","684","Jones County","ALL","All Column Values","Teachers and Paraprofessionals",19396559.24,9233624.01,28630183.25,54.41,40.91,60.84,50.19
"2017-18","685","Lamar County","ALL","All Column Values","General Administration",437416.57,260264.85,697681.42,2.86,1.27,3.02,2.16
"2017-18","685","Lamar County","ALL","All Column Values","School Administration",847696.88,416969.48,1264666.36,5.19,2.31,5.48,3.91
"2017-18","685","Lamar County","ALL","All Column Values","Teachers and Paraprofessionals",8941731.71,4253880.78,13195612.49,54.18,24.11,57.14,40.82
"2017-18","686","Lanier County","ALL","All Column Values","General Administration",124283.1,213309.69,337592.79,1.84,1.69,1.92,1.69
"2017-18","686","Lanier County","ALL","All Column Values","School Administration",641505.03,330981.98,972487.01,5.31,4.86,5.53,4.87
"2017-18","686","Lanier County","ALL","All Column Values","Teachers and Paraprofessionals",6207578.71,3033127.35,9240706.06,50.45,46.17,52.56,46.24
"2017-18","687","Laurens County","ALL","All Column Values","General Administration",252196.57,273282.49,525479.06,0.89,0.76,0.94,0.81
"2017-18","687","Laurens County","ALL","All Column Values","School Administration",1634887.43,911579.86,2546467.29,4.32,3.68,4.57,3.91
"2017-18","687","Laurens County","ALL","All Column Values","Teachers and Paraprofessionals",22360791.69,10421679.02,32782470.71,55.63,47.37,58.86,50.36
"2017-18","688","Lee County","ALL","All Column Values","General Administration",362737.98,190964.48,553702.46,1.02,0.88,1.05,0.79
"2017-18","688","Lee County","ALL","All Column Values","School Administration",1596144.7,867998.2,2464142.9,4.55,3.9,4.67,3.51
"2017-18","688","Lee County","ALL","All Column Values","Teachers and Paraprofessionals",19884164.21,9699774.29,29583938.5,54.66,46.87,56.05,42.16
"2017-18","689","Liberty County","ALL","All Column Values","General Administration",595724.55,297596.04,893320.59,0.92,0.8,0.91,0.81
"2017-18","689","Liberty County","ALL","All Column Values","School Administration",3216754.28,1676019.09,4892773.37,5.04,4.39,4.97,4.44
"2017-18","689","Liberty County","ALL","All Column Values","Teachers and Paraprofessionals",37114553.33,17315162.56,54429715.89,56.09,48.84,55.28,49.38
"2017-18","690","Lincoln County","ALL","All Column Values","General Administration",182576.3,114192.02,296768.32,2.32,1.98,2.31,1.96
"2017-18","690","Lincoln County","ALL","All Column Values","School Administration",511918.2,283139.75,795057.95,6.21,5.3,6.18,5.26
"2017-18","690","Lincoln County","ALL","All Column Values","Teachers and Paraprofessionals",4373453.12,2105371.52,6478824.64,50.58,43.22,50.33,42.83
"2017-18","691","Long County","ALL","All Column Values","General Administration",252928.37,262818.96,515747.33,1.71,1.1,1.75,1.06
"2017-18","691","Long County","ALL","All Column Values","School Administration",998344.15,427918.27,1426262.42,4.74,3.04,4.83,2.92
"2017-18","691","Long County","ALL","All Column Values","Teachers and Paraprofessionals",11011825.88,4984299.64,15996125.52,53.17,34.07,54.19,32.73
"2017-18","692","Lowndes County","ALL","All Column Values","General Administration",652169.14,1011607.25,1663776.39,1.72,1.42,1.82,1.45
"2017-18","692","Lowndes County","ALL","All Column Values","School Administration",2634701.02,1250480.18,3885181.2,4.01,3.33,4.25,3.38
"2017-18","692","Lowndes County","ALL","All Column Values","Teachers and Paraprofessionals",37169736.09,16673061.94,53842798.03,55.58,46.11,58.93,46.82
"2017-18","693","Lumpkin County","ALL","All Column Values","General Administration",293283.96,195208.58,488492.54,1.3,1.13,1.27,0.96
"2017-18","693","Lumpkin County","ALL","All Column Values","School Administration",1378985.53,776410.76,2155396.29,5.76,4.97,5.62,4.25
"2017-18","693","Lumpkin County","ALL","All Column Values","Teachers and Paraprofessionals",14271602.79,6734181.71,21005784.5,56.1,48.4,54.74,41.43
"2017-18","694","Macon County","ALL","All Column Values","General Administration",190049.88,148167.84,338217.72,2.27,1.67,2.3,1.2
"2017-18","694","Macon County","ALL","All Column Values","School Administration",598896.25,292271.78,891168.03,5.98,4.39,6.06,3.15
"2017-18","694","Macon County","ALL","All Column Values","Teachers and Paraprofessionals",3946281.23,2187562.07,6133843.3,41.18,30.25,41.72,21.71
"2017-18","695","Madison County","ALL","All Column Values","General Administration",473498.46,248656.72,722155.18,1.34,1.22,1.4,1.25
"2017-18","695","Madison County","ALL","All Column Values","School Administration",1512348.29,884252.12,2396600.41,4.43,4.04,4.63,4.14
"2017-18","695","Madison County","ALL","All Column Values","Teachers and Paraprofessionals",20929031.28,9956506.69,30885537.97,57.1,52.01,59.71,53.33
"2017-18","696","Marion County","ALL","All Column Values","General Administration",213578.4,136094.96,349673.36,2.52,2.15,2.66,2.33
"2017-18","696","Marion County","ALL","All Column Values","School Administration",489946.4,262529.13,752475.53,5.43,4.63,5.73,5.02
"2017-18","696","Marion County","ALL","All Column Values","Teachers and Paraprofessionals",4691832.22,2145078.06,6836910.28,49.32,42.11,52.08,45.57
"2017-18","697","McDuffie County","ALL","All Column Values","General Administration",262846.2,156358.66,419204.86,1.09,0.78,1.2,0.9
"2017-18","697","McDuffie County","ALL","All Column Values","School Administration",1321705.29,599339.43,1921044.72,5.01,3.55,5.49,4.13
"2017-18","697","McDuffie County","ALL","All Column Values","Teachers and Paraprofessionals",14674562.42,5731886.19,20406448.61,53.2,37.74,58.27,43.92
"2017-18","698","McIntosh County","ALL","All Column Values","General Administration",238004.21,97029.11,335033.32,2.28,1.06,2.3,1.11
"2017-18","698","McIntosh County","ALL","All Column Values","School Administration",490976.44,250886.38,741862.82,5.05,2.35,5.1,2.47
"2017-18","698","McIntosh County","ALL","All Column Values","Teachers and Paraprofessionals",4273305.25,2054178.93,6327484.18,43.07,20.04,43.51,21.04
"2017-18","699","Meriwether County","ALL","All Column Values","General Administration",366605.88,196470.09,563075.97,1.9,1.67,2.06,1.78
"2017-18","699","Meriwether County","ALL","All Column Values","School Administration",1148140.04,525427.79,1673567.83,5.64,4.96,6.11,5.28
"2017-18","699","Meriwether County","ALL","All Column Values","Teachers and Paraprofessionals",8710094.42,3694998.19,12405092.61,41.81,36.79,45.29,39.15
"2017-18","700","Miller County","ALL","All Column Values","General Administration",240951.72,166698.98,407650.7,3.51,3.12,4.22,3.66
"2017-18","700","Miller County","ALL","All Column Values","School Administration",306868.39,136541.38,443409.77,3.81,3.4,4.59,3.98
"2017-18","700","Miller County","ALL","All Column Values","Teachers and Paraprofessionals",3462169.56,1586213.6,5048383.16,43.42,38.68,52.22,45.34
"2017-18","701","Mitchell County","ALL","All Column Values","General Administration",303908.06,129179.49,433087.55,1.35,1.24,1.75,1.5
"2017-18","701","Mitchell County","ALL","All Column Values","School Administration",983687.55,455108.54,1438796.09,4.48,4.11,5.8,4.98
"2017-18","701","Mitchell County","ALL","All Column Values","Teachers and Paraprofessionals",9122543.46,3950912.57,13073456.03,40.73,37.32,52.72,45.27
"2017-18","702","Monroe County","ALL","All Column Values","General Administration",638337.72,339864.52,978202.24,2.28,1.91,2.32,1.9
"2017-18","702","Monroe County","ALL","All Column Values","School Administration",955711.6,669692.21,1625403.81,3.79,3.18,3.85,3.15
"2017-18","702","Monroe County","ALL","All Column Values","Teachers and Paraprofessionals",15475118.89,7108040,22583158.89,52.62,44.12,53.5,43.79
"2017-18","703","Montgomery County","ALL","All Column Values","General Administration",87700.08,35084.15,122784.23,1.3,0.66,1.39,0.61
"2017-18","703","Montgomery County","ALL","All Column Values","School Administration",403887.93,165115.63,569003.56,6.05,3.04,6.43,2.84
"2017-18","703","Montgomery County","ALL","All Column Values","Teachers and Paraprofessionals",2941340.06,1398106.15,4339446.21,46.1,23.17,49.04,21.62
"2017-18","704","Morgan County","ALL","All Column Values","General Administration",499243.85,448914.18,948158.03,2.66,1.3,2.72,1.49
"2017-18","704","Morgan County","ALL","All Column Values","School Administration",1095971.35,561686.29,1657657.64,4.64,2.27,4.75,2.6
"2017-18","704","Morgan County","ALL","All Column Values","Teachers and Paraprofessionals",13404816.41,6484875.21,19889691.62,55.7,27.21,56.99,31.24
"2017-18","705","Murray County","ALL","All Column Values","General Administration",575280.81,271579.99,846860.8,1.38,1.14,1.43,1.01
"2017-18","705","Murray County","ALL","All Column Values","School Administration",2025869.78,1005655.18,3031524.96,4.96,4.06,5.13,3.63
"2017-18","705","Murray County","ALL","All Column Values","Teachers and Paraprofessionals",23052807.74,10603800.83,33656608.57,55.02,45.11,56.95,40.28
"2017-18","706","Muscogee County","ALL","All Column Values","General Administration",1187974.24,1010858.81,2198833.05,0.73,0.61,0.74,0.55
"2017-18","706","Muscogee County","ALL","All Column Values","School Administration",11263674.19,5573894.12,16837568.31,5.58,4.69,5.68,4.24
"2017-18","706","Muscogee County","ALL","All Column Values","Teachers and Paraprofessionals",105572012.22,52175781.66,157747793.88,52.32,43.92,53.26,39.77
"2017-18","707","Newton County","ALL","All Column Values","General Administration",750247.68,418273.43,1168521.11,0.62,0.54,0.64,0.57
"2017-18","707","Newton County","ALL","All Column Values","School Administration",6270476.76,3130869.4,9401346.16,4.95,4.37,5.17,4.61
"2017-18","707","Newton County","ALL","All Column Values","Teachers and Paraprofessionals",69377062.21,33174880.74,102551942.95,54.04,47.62,56.36,50.34
"2017-18","708","Oconee County","ALL","All Column Values","General Administration",711779.38,255093.29,966872.67,1.31,1.14,1.34,0.97
"2017-18","708","Oconee County","ALL","All Column Values","School Administration",2617731.77,1369387.93,3987119.7,5.42,4.69,5.54,4
"2017-18","708","Oconee County","ALL","All Column Values","Teachers and Paraprofessionals",29889888.39,13772081.17,43661969.56,59.31,51.35,60.67,43.81
"2017-18","709","Oglethorpe County","ALL","All Column Values","General Administration",271970.13,104555.97,376526.1,1.65,1.47,1.71,1.51
"2017-18","709","Oglethorpe County","ALL","All Column Values","School Administration",764928.85,324757.08,1089685.93,4.77,4.24,4.94,4.37
"2017-18","709","Oglethorpe County","ALL","All Column Values","Teachers and Paraprofessionals",8474011.4,3862977.69,12336989.09,53.99,48.03,55.97,49.53
"2017-18","710","Paulding County","ALL","All Column Values","General Administration",836367.35,568133.78,1404501.13,0.51,0.46,0.52,0.47
"2017-18","710","Paulding County","ALL","All Column Values","School Administration",9161939.97,4621407.16,13783347.13,5.03,4.54,5.14,4.6
"2017-18","710","Paulding County","ALL","All Column Values","Teachers and Paraprofessionals",103743642.58,50555677.03,154299319.61,56.35,50.83,57.51,51.5
"2017-18","711","Peach County","ALL","All Column Values","General Administration",372970.24,246168.16,619138.4,1.81,1.53,1.85,1.73
"2017-18","711","Peach County","ALL","All Column Values","School Administration",1231019.17,589018.91,1820038.08,5.33,4.5,5.45,5.08
"2017-18","711","Peach County","ALL","All Column Values","Teachers and Paraprofessionals",12053505.95,5252380.68,17305886.63,50.65,42.77,51.82,48.32
"2017-18","712","Pickens County","ALL","All Column Values","General Administration",533188.61,358551.2,891739.81,1.82,1.59,1.96,1.65
"2017-18","712","Pickens County","ALL","All Column Values","School Administration",1295756.4,692033.33,1987789.73,4.07,3.54,4.37,3.68
"2017-18","712","Pickens County","ALL","All Column Values","Teachers and Paraprofessionals",15885073.21,8377840.24,24262913.45,49.64,43.27,53.28,44.93
"2017-18","713","Pierce County","ALL","All Column Values","General Administration",226286.84,148895.14,375181.98,1.07,0.55,1.12,0.77
"2017-18","713","Pierce County","ALL","All Column Values","School Administration",1179355.44,608944.96,1788300.4,5.08,2.62,5.33,3.66
"2017-18","713","Pierce County","ALL","All Column Values","Teachers and Paraprofessionals",12990164.15,5690403.6,18680567.75,53.04,27.41,55.67,38.22
"2017-18","714","Pike County","ALL","All Column Values","General Administration",409551.02,279016.2,688567.22,2.36,1.86,2.43,2.05
"2017-18","714","Pike County","ALL","All Column Values","School Administration",897928.66,456814.02,1354742.68,4.65,3.66,4.78,4.03
"2017-18","714","Pike County","ALL","All Column Values","Teachers and Paraprofessionals",11802297.44,4667420.45,16469717.89,56.5,44.48,58.09,49.02
"2017-18","715","Polk County","ALL","All Column Values","General Administration",130000,168529.81,298529.81,0.43,0.3,0.45,0.39
"2017-18","715","Polk County","ALL","All Column Values","School Administration",2131255.59,1058585.7,3189841.29,4.59,3.19,4.78,4.21
"2017-18","715","Polk County","ALL","All Column Values","Teachers and Paraprofessionals",28649010.65,11769381.94,40418392.59,58.16,40.38,60.55,53.39
"2017-18","716","Pulaski County","ALL","All Column Values","General Administration",389345.73,183568.38,572914.11,4.26,3.71,4.58,3.98
"2017-18","716","Pulaski County","ALL","All Column Values","School Administration",483634.48,219870.09,703504.57,5.23,4.56,5.63,4.89
"2017-18","716","Pulaski County","ALL","All Column Values","Teachers and Paraprofessionals",4745028.08,1855129.86,6600157.94,49.08,42.77,52.81,45.84
"2017-18","717","Putnam County","ALL","All Column Values","General Administration",405678.24,146922.74,552600.98,1.6,1.15,1.68,1.32
"2017-18","717","Putnam County","ALL","All Column Values","School Administration",902591.14,439237.58,1341828.72,3.87,2.8,4.07,3.19
"2017-18","717","Putnam County","ALL","All Column Values","Teachers and Paraprofessionals",12296832.04,5090896.12,17387728.16,50.21,36.25,52.78,41.4
"2017-18","718","Quitman County","ALL","All Column Values","General Administration",242167.06,128003.48,370170.54,5.6,4.78,6.17,5.21
"2017-18","718","Quitman County","ALL","All Column Values","School Administration",170866.27,60332.19,231198.46,3.5,2.99,3.85,3.25
"2017-18","718","Quitman County","ALL","All Column Values","Teachers and Paraprofessionals",1367514.35,559746.6,1927260.95,29.15,24.9,32.11,27.11
"2017-18","719","Rabun County","ALL","All Column Values","General Administration",383696.88,144128.48,527825.36,1.62,1.34,1.86,1.48
"2017-18","719","Rabun County","ALL","All Column Values","School Administration",967590.38,551272.22,1518862.6,4.65,3.86,5.36,4.26
"2017-18","719","Rabun County","ALL","All Column Values","Teachers and Paraprofessionals",9371652.8,5057842,14429494.8,44.21,36.7,50.92,40.51
"2017-18","720","Randolph County","ALL","All Column Values","General Administration",110942.75,112513.15,223455.9,2.05,1.79,2.18,1.96
"2017-18","720","Randolph County","ALL","All Column Values","School Administration",486277.8,200824.13,687101.93,6.31,5.5,6.72,6.04
"2017-18","720","Randolph County","ALL","All Column Values","Teachers and Paraprofessionals",2988386.41,1332735.6,4321122.01,39.71,34.61,42.24,37.98
"2017-18","721","Richmond County","ALL","All Column Values","General Administration",2523198.7,1126677.07,3649875.77,1.31,1.07,1.29,0.96
"2017-18","721","Richmond County","ALL","All Column Values","School Administration",12290226.21,6656499.6,18946725.81,6.78,5.57,6.68,4.97
"2017-18","721","Richmond County","ALL","All Column Values","Teachers and Paraprofessionals",93800984.94,50206365.86,144007350.8,51.52,42.32,50.77,37.74
"2017-18","722","Rockdale County","ALL","All Column Values","General Administration",766252.88,596298.54,1362551.42,0.8,0.67,0.81,0.66
"2017-18","722","Rockdale County","ALL","All Column Values","School Administration",5796205.04,3022006.11,8818211.15,5.16,4.34,5.22,4.24
"2017-18","722","Rockdale County","ALL","All Column Values","Teachers and Paraprofessionals",69215264.97,29435537.08,98650802.05,57.69,48.6,58.39,47.44
"2017-18","723","Schley County","ALL","All Column Values","General Administration",296084.23,155990.05,452074.28,3.87,3.49,4.04,3.42
"2017-18","723","Schley County","ALL","All Column Values","School Administration",416666.52,208275.28,624941.8,5.35,4.82,5.59,4.73
"2017-18","723","Schley County","ALL","All Column Values","Teachers and Paraprofessionals",4631578.68,1916633.16,6548211.84,56.01,50.49,58.57,49.54
"2017-18","724","Screven County","ALL","All Column Values","General Administration",366380.48,139989.78,506370.26,2.2,1.97,2.33,2
"2017-18","724","Screven County","ALL","All Column Values","School Administration",803159.1,392175.23,1195334.33,5.2,4.64,5.5,4.73
"2017-18","724","Screven County","ALL","All Column Values","Teachers and Paraprofessionals",8056226.56,3532032.58,11588259.14,50.41,44.97,53.29,45.85
"2017-18","725","Seminole County","ALL","All Column Values","General Administration",192396.81,80680.13,273076.94,1.82,1.61,1.92,1.63
"2017-18","725","Seminole County","ALL","All Column Values","School Administration",427374.26,208489.11,635863.37,4.24,3.75,4.47,3.79
"2017-18","725","Seminole County","ALL","All Column Values","Teachers and Paraprofessionals",5583718.77,2715443.72,8299162.49,55.28,48.99,58.4,49.45
"2017-18","726","Spalding County","ALL","All Column Values","General Administration",1124678.99,401269.48,1525948.47,1.47,1.28,1.49,1.3
"2017-18","726","Spalding County","ALL","All Column Values","School Administration",4936185.04,2368932.05,7305117.09,7.05,6.15,7.15,6.24
"2017-18","726","Spalding County","ALL","All Column Values","Teachers and Paraprofessionals",36559755.95,17626208.31,54185964.26,52.32,45.59,53,46.31
"2017-18","727","Stephens County","ALL","All Column Values","General Administration",486273.52,492707.94,978981.46,2.51,2.16,2.66,2.3
"2017-18","727","Stephens County","ALL","All Column Values","School Administration",1111663.67,574316.57,1685980.24,4.33,3.72,4.59,3.96
"2017-18","727","Stephens County","ALL","All Column Values","Teachers and Paraprofessionals",14579058.92,7300090.56,21879149.48,56.18,48.34,59.55,51.39
"2017-18","728","Stewart County","ALL","All Column Values","General Administration",232964.98,137419.4,370384.38,4.98,3.11,5.28,2.27
"2017-18","728","Stewart County","ALL","All Column Values","School Administration",425901.64,144341.89,570243.53,7.67,4.79,8.13,3.5
"2017-18","728","Stewart County","ALL","All Column Values","Teachers and Paraprofessionals",2168796.68,791064.96,2959861.64,39.79,24.87,42.22,18.14
"2017-18","729","Sumter County","ALL","All Column Values","General Administration",301390.53,248951.75,550342.28,1.1,0.63,1.18,0.98
"2017-18","729","Sumter County","ALL","All Column Values","School Administration",1356209.97,851157.89,2207367.86,4.41,2.51,4.72,3.91
"2017-18","729","Sumter County","ALL","All Column Values","Teachers and Paraprofessionals",14846391.01,7400725.33,22247116.34,44.42,25.27,47.53,39.43
"2017-18","731","Taliaferro County","ALL","All Column Values","General Administration",187709.15,52228.56,239937.71,4.73,4.34,5.51,4.76
"2017-18","731","Taliaferro County","ALL","All Column Values","School Administration",82696.45,50988.47,133684.92,2.64,2.42,3.07,2.65
"2017-18","731","Taliaferro County","ALL","All Column Values","Teachers and Paraprofessionals",1070413.57,551288.79,1621702.36,31.99,29.32,37.26,32.2
"2017-18","732","Tattnall County","ALL","All Column Values","General Administration",431790.14,179423.73,611213.87,1.81,1.61,1.93,1.62
"2017-18","732","Tattnall County","ALL","All Column Values","School Administration",1078804.2,551208.25,1630012.45,4.84,4.28,5.13,4.33
"2017-18","732","Tattnall County","ALL","All Column Values","Teachers and Paraprofessionals",12838029.54,5621046.81,18459076.35,54.8,48.5,58.15,49.05
"2017-18","733","Taylor County","ALL","All Column Values","General Administration",237418.14,124626.16,362044.3,2.26,2.02,2.49,2.25
"2017-18","733","Taylor County","ALL","All Column Values","School Administration",440688.65,205739.66,646428.31,4.03,3.62,4.44,4.02
"2017-18","733","Taylor County","ALL","All Column Values","Teachers and Paraprofessionals",5673792.57,2255012.39,7928804.96,49.4,44.35,54.5,49.26
"2017-18","734","Telfair County","ALL","All Column Values","General Administration",143588.64,82687.61,226276.25,1.36,1.18,1.37,1.18
"2017-18","734","Telfair County","ALL","All Column Values","School Administration",554149.38,308731.92,862881.3,5.18,4.49,5.22,4.5
"2017-18","734","Telfair County","ALL","All Column Values","Teachers and Paraprofessionals",6607902.12,3272324.72,9880226.84,59.26,51.42,59.81,51.49
"2017-18","735","Terrell County","ALL","All Column Values","General Administration",76267.08,56474.02,132741.1,0.88,0.78,0.97,0.84
"2017-18","735","Terrell County","ALL","All Column Values","School Administration",463813.44,177977.26,641790.7,4.26,3.75,4.71,4.06
"2017-18","735","Terrell County","ALL","All Column Values","Teachers and Paraprofessionals",4701668.94,1945274.37,6646943.31,44.07,38.84,48.77,42.05
"2017-18","736","Thomas County","ALL","All Column Values","General Administration",155745.02,193689.28,349434.3,0.6,0.52,0.61,0.48
"2017-18","736","Thomas County","ALL","All Column Values","School Administration",1507810.76,848777.18,2356587.94,4.07,3.52,4.11,3.27
"2017-18","736","Thomas County","ALL","All Column Values","Teachers and Paraprofessionals",21642061.82,10910571.6,32552633.42,56.19,48.65,56.78,45.12
"2017-18","737","Tift County","ALL","All Column Values","General Administration",293030.18,257530.08,550560.26,0.76,0.54,0.8,0.55
"2017-18","737","Tift County","ALL","All Column Values","School Administration",2636240,1623008.24,4259248.24,5.91,4.21,6.18,4.25
"2017-18","737","Tift County","ALL","All Column Values","Teachers and Paraprofessionals",28111367.52,14220532.49,42331900.01,58.69,41.85,61.42,42.26
"2017-18","738","Toombs County","ALL","All Column Values","General Administration",186950.83,160327.47,347278.3,1.22,1.05,1.25,1.06
"2017-18","738","Toombs County","ALL","All Column Values","School Administration",914994.79,448803.7,1363798.49,4.79,4.11,4.91,4.15
"2017-18","738","Toombs County","ALL","All Column Values","Teachers and Paraprofessionals",10913902.11,5542214.23,16456116.34,57.85,49.61,59.22,50.08
"2017-18","739","Towns County","ALL","All Column Values","General Administration",227137.89,166943.38,394081.27,2.89,2.27,2.93,2.29
"2017-18","739","Towns County","ALL","All Column Values","School Administration",449140.92,208693.27,657834.19,4.82,3.79,4.89,3.83
"2017-18","739","Towns County","ALL","All Column Values","Teachers and Paraprofessionals",4959659.86,2689911.33,7649571.19,56.06,44.06,56.92,44.52
"2017-18","740","Treutlen County","ALL","All Column Values","General Administration",347221.4,123044.79,470266.19,4.39,3.76,4.58,4.02
"2017-18","740","Treutlen County","ALL","All Column Values","School Administration",366683.26,160103.32,526786.58,4.91,4.21,5.13,4.51
"2017-18","740","Treutlen County","ALL","All Column Values","Teachers and Paraprofessionals",4246435.75,1714185.29,5960621.04,55.6,47.61,57.99,51.01
"2017-18","741","Troup County","ALL","All Column Values","General Administration",736339.03,598658.98,1334998.01,1.16,0.97,1.16,0.88
"2017-18","741","Troup County","ALL","All Column Values","School Administration",4380249.9,2287687.71,6667937.61,5.79,4.83,5.78,4.39
"2017-18","741","Troup County","ALL","All Column Values","Teachers and Paraprofessionals",43292911.98,19838216.08,63131128.06,54.82,45.75,54.7,41.57
"2017-18","742","Turner County","ALL","All Column Values","General Administration",235133.59,106419.85,341553.44,2.51,2.19,2.71,2.19
"2017-18","742","Turner County","ALL","All Column Values","School Administration",524985.84,251451.7,776437.54,5.71,4.99,6.16,4.98
"2017-18","742","Turner County","ALL","All Column Values","Teachers and Paraprofessionals",4584040.28,1944870.28,6528910.56,47.99,41.94,51.83,41.86
"2017-18","743","Twiggs County","ALL","All Column Values","General Administration",307771.03,133703.18,441474.21,3.93,3.17,4.02,3.41
"2017-18","743","Twiggs County","ALL","All Column Values","School Administration",383086.37,193813.41,576899.78,5.14,4.14,5.25,4.46
"2017-18","743","Twiggs County","ALL","All Column Values","Teachers and Paraprofessionals",2756511.13,1425246.66,4181757.79,37.23,30.02,38.05,32.32
"2017-18","744","Union County","ALL","All Column Values","General Administration",381663.09,239123.19,620786.28,1.97,1.65,1.98,1.56
"2017-18","744","Union County","ALL","All Column Values","School Administration",956031.81,428044.32,1384076.13,4.38,3.67,4.41,3.47
"2017-18","744","Union County","ALL","All Column Values","Teachers and Paraprofessionals",13364757.7,5351466.84,18716224.54,59.28,49.67,59.59,46.93
"2017-18","745","Thomaston-Upson County","ALL","All Column Values","General Administration",572004.62,353513.21,925517.83,2.32,2,2.47,2.16
"2017-18","745","Thomaston-Upson County","ALL","All Column Values","School Administration",1442411.15,801806.83,2244217.98,5.63,4.85,5.98,5.23
"2017-18","745","Thomaston-Upson County","ALL","All Column Values","Teachers and Paraprofessionals",13799155.05,7355320.63,21154475.68,53.11,45.69,56.38,49.34
"2017-18","746","Walker County","ALL","All Column Values","General Administration",151975.52,234228.77,386204.29,0.42,0.33,0.42,0.37
"2017-18","746","Walker County","ALL","All Column Values","School Administration",3185245.43,1952264.46,5137509.89,5.56,4.35,5.57,4.9
"2017-18","746","Walker County","ALL","All Column Values","Teachers and Paraprofessionals",37258771.03,18653996.23,55912767.26,60.55,47.39,60.61,53.35
"2017-18","747","Walton County","ALL","All Column Values","General Administration",781618.32,684725.49,1466343.81,1.12,0.95,1.15,0.97
"2017-18","747","Walton County","ALL","All Column Values","School Administration",4673720.27,2395390.92,7069111.19,5.41,4.57,5.55,4.67
"2017-18","747","Walton County","ALL","All Column Values","Teachers and Paraprofessionals",51483301.05,23348453.73,74831754.78,57.22,48.35,58.72,49.46
"2017-18","748","Ware County","ALL","All Column Values","General Administration",376886.99,239327.97,616214.96,1.02,0.76,1.05,0.85
"2017-18","748","Ware County","ALL","All Column Values","School Administration",2160144.52,1152163.01,3312307.53,5.51,4.07,5.63,4.59
"2017-18","748","Ware County","ALL","All Column Values","Teachers and Paraprofessionals",22986014.37,10885381.09,33871395.46,56.33,41.62,57.61,46.95
"2017-18","749","Warren County","ALL","All Column Values","General Administration",327496.61,93681.5,421178.11,5.31,4.65,5.32,4.15
"2017-18","749","Warren County","ALL","All Column Values","School Administration",257409.13,100040.97,357450.1,4.51,3.94,4.52,3.52
"2017-18","749","Warren County","ALL","All Column Values","Teachers and Paraprofessionals",2704566.74,1213762.75,3918329.49,49.43,43.23,49.53,38.61
"2017-18","750","Washington County","ALL","All Column Values","General Administration",735474.26,348746.59,1084220.85,3.62,3.09,3.58,3.34
"2017-18","750","Washington County","ALL","All Column Values","School Administration",1272229.84,721285.58,1993515.42,6.65,5.67,6.58,6.14
"2017-18","750","Washington County","ALL","All Column Values","Teachers and Paraprofessionals",9815033.83,5260803.22,15075837.05,50.27,42.91,49.78,46.44
"2017-18","751","Wayne County","ALL","All Column Values","General Administration",309657.53,256481.95,566139.48,1.14,0.98,1.18,0.97
"2017-18","751","Wayne County","ALL","All Column Values","School Administration",1432067.68,772440.88,2204508.56,4.44,3.81,4.58,3.79
"2017-18","751","Wayne County","ALL","All Column Values","Teachers and Paraprofessionals",18221607.7,9101608.68,27323216.38,54.97,47.26,56.78,47.03
"2017-18","752","Webster County","ALL","All Column Values","General Administration",223710,66339.49,290049.49,5.55,5.11,6.91,5.96
"2017-18","752","Webster County","ALL","All Column Values","School Administration",175343.07,105992.62,281335.69,5.38,4.95,6.7,5.78
"2017-18","752","Webster County","ALL","All Column Values","Teachers and Paraprofessionals",1614672.83,672162.72,2286835.55,43.74,40.27,54.45,47.02
"2017-18","753","Wheeler County","ALL","All Column Values","General Administration",533510.49,167979.02,701489.51,6.5,5.86,6.82,6.14
"2017-18","753","Wheeler County","ALL","All Column Values","School Administration",561705.83,243202.79,804908.62,7.46,6.73,7.82,7.04
"2017-18","753","Wheeler County","ALL","All Column Values","Teachers and Paraprofessionals",4184018.06,1606581.9,5790599.96,53.66,48.39,56.28,50.68
"2017-18","754","White County","ALL","All Column Values","General Administration",395554.45,193214.89,588769.34,1.45,1.13,1.51,1.13
"2017-18","754","White County","ALL","All Column Values","School Administration",1442890.15,758137.09,2201027.24,5.42,4.23,5.66,4.23
"2017-18","754","White County","ALL","All Column Values","Teachers and Paraprofessionals",14783365.87,7627239.02,22410604.89,55.14,43.03,57.61,43.03
"2017-18","755","Whitfield County","ALL","All Column Values","General Administration",705884.52,316417.63,1022302.15,0.81,0.7,0.84,0.76
"2017-18","755","Whitfield County","ALL","All Column Values","School Administration",4820440.19,2784086.37,7604526.56,6.01,5.17,6.23,5.63
"2017-18","755","Whitfield County","ALL","All Column Values","Teachers and Paraprofessionals",48592735.39,23054465.68,71647201.07,56.67,48.75,58.67,53.06
"2017-18","756","Wilcox County","ALL","All Column Values","General Administration",171003.76,110653.55,281657.31,2.14,0.91,2.2,0.85
"2017-18","756","Wilcox County","ALL","All Column Values","School Administration",438316.62,170367.46,608684.08,4.62,1.97,4.75,1.83
"2017-18","756","Wilcox County","ALL","All Column Values","Teachers and Paraprofessionals",4482312.61,1682880.62,6165193.23,46.75,19.94,48.08,18.51
"2017-18","757","Wilkes County","ALL","All Column Values","General Administration",223613.42,109985.61,333599.03,2.02,1.78,2.08,1.8
"2017-18","757","Wilkes County","ALL","All Column Values","School Administration",583891.33,282917.31,866808.64,5.26,4.63,5.39,4.69
"2017-18","757","Wilkes County","ALL","All Column Values","Teachers and Paraprofessionals",5721526.61,2958544.49,8680071.1,52.67,46.35,54.01,46.95
"2017-18","758","Wilkinson County","ALL","All Column Values","General Administration",160771.59,110535.93,271307.52,1.74,1.45,1.62,1.43
"2017-18","758","Wilkinson County","ALL","All Column Values","School Administration",632915.27,330324.94,963240.21,6.17,5.13,5.76,5.08
"2017-18","758","Wilkinson County","ALL","All Column Values","Teachers and Paraprofessionals",5173553.02,2489191.92,7662744.94,49.06,40.83,45.82,40.44
"2017-18","759","Worth County","ALL","All Column Values","General Administration",273926.45,163472.62,437399.07,1.43,0.97,1.54,0.74
"2017-18","759","Worth County","ALL","All Column Values","School Administration",1142347.66,553086.4,1695434.06,5.54,3.77,5.98,2.86
"2017-18","759","Worth County","ALL","All Column Values","Teachers and Paraprofessionals",10262996.09,4601377.06,14864373.15,48.59,33.02,52.41,25.11
"2017-18","761","Atlanta Public Schools","ALL","All Column Values","General Administration",8615623.23,3186252.29,11801875.52,1.28,1.11,1.27,1.18
"2017-18","761","Atlanta Public Schools","ALL","All Column Values","School Administration",32534817.9,12367930.38,44902748.28,4.85,4.24,4.83,4.47
"2017-18","761","Atlanta Public Schools","ALL","All Column Values","Teachers and Paraprofessionals",226501311.73,136759860.8,363261172.53,39.25,34.28,39.09,36.19
"2017-18","763","Bremen City","ALL","All Column Values","General Administration",261611.76,313238.98,574850.74,2.8,2.46,2.98,2.45
"2017-18","763","Bremen City","ALL","All Column Values","School Administration",758679.07,439156.35,1197835.42,5.83,5.13,6.2,5.11
"2017-18","763","Bremen City","ALL","All Column Values","Teachers and Paraprofessionals",8502227.31,3927926.73,12430154.04,60.52,53.2,64.37,53.03
"2017-18","764","Buford City","ALL","All Column Values","General Administration",952336.54,522884.43,1475220.97,2.91,1.33,2.97,1.53
"2017-18","764","Buford City","ALL","All Column Values","School Administration",1534972.26,903854.93,2438827.19,4.81,2.2,4.91,2.53
"2017-18","764","Buford City","ALL","All Column Values","Teachers and Paraprofessionals",21325883.41,9240063.12,30565946.53,60.3,27.57,61.56,31.71
"2017-18","765","Calhoun City","ALL","All Column Values","General Administration",391616.64,207500.87,599117.51,1.69,1.41,1.86,1.61
"2017-18","765","Calhoun City","ALL","All Column Values","School Administration",721021.56,458119.64,1179141.2,3.33,2.78,3.66,3.18
"2017-18","765","Calhoun City","ALL","All Column Values","Teachers and Paraprofessionals",12226810.73,6101278.84,18328089.57,51.73,43.27,56.84,49.36
"2017-18","766","Carrollton City","ALL","All Column Values","General Administration",717892.1,302625.89,1020517.99,2.19,1.58,2.24,1.64
"2017-18","766","Carrollton City","ALL","All Column Values","School Administration",1564312.48,938950.53,2503263.01,5.38,3.87,5.51,4.01
"2017-18","766","Carrollton City","ALL","All Column Values","Teachers and Paraprofessionals",17795796.24,8536248.83,26332045.07,56.63,40.67,57.92,42.21
"2017-18","767","Cartersville City","ALL","All Column Values","General Administration",386942.04,261196.66,648138.7,1.58,1.31,1.57,1.35
"2017-18","767","Cartersville City","ALL","All Column Values","School Administration",1217557.03,660782.71,1878339.74,4.58,3.79,4.54,3.93
"2017-18","767","Cartersville City","ALL","All Column Values","Teachers and Paraprofessionals",15983424.72,7109516.68,23092941.4,56.26,46.57,55.84,48.27
"2017-18","769","Chickamauga City","ALL","All Column Values","General Administration",360505.32,171298.11,531803.43,4.43,3.24,4.74,2.82
"2017-18","769","Chickamauga City","ALL","All Column Values","School Administration",412953.71,212955.75,625909.46,5.21,3.82,5.58,3.31
"2017-18","769","Chickamauga City","ALL","All Column Values","Teachers and Paraprofessionals",4142534.23,1995508.1,6138042.33,51.14,37.43,54.72,32.49
"2017-18","771","Commerce City","ALL","All Column Values","General Administration",215486.36,167716.88,383203.24,2.52,1.94,2.5,1.98
"2017-18","771","Commerce City","ALL","All Column Values","School Administration",644255.63,349436.3,993691.93,6.53,5.02,6.49,5.12
"2017-18","771","Commerce City","ALL","All Column Values","Teachers and Paraprofessionals",5980720.76,2911988.3,8892709.06,58.47,44.95,58.06,45.85
"2017-18","772","Dalton City","ALL","All Column Values","General Administration",600531.89,246314.56,846846.45,1.05,0.55,1.09,0.86
"2017-18","772","Dalton City","ALL","All Column Values","School Administration",2511593.46,989051.66,3500645.12,4.36,2.29,4.5,3.56
"2017-18","772","Dalton City","ALL","All Column Values","Teachers and Paraprofessionals",29044533.62,14644425.02,43688958.64,54.35,28.6,56.18,44.38
"2017-18","773","Decatur City","ALL","All Column Values","General Administration",548137.2,272464.86,820602.06,1.28,1.06,1.29,0.88
"2017-18","773","Decatur City","ALL","All Column Values","School Administration",2576392.09,1318685.25,3895077.34,6.06,5.05,6.12,4.2
"2017-18","773","Decatur City","ALL","All Column Values","Teachers and Paraprofessionals",21554756.57,11753253.54,33308010.11,51.8,43.18,52.29,35.9
"2017-18","774","Dublin City","ALL","All Column Values","General Administration",377997.76,160264.51,538262.27,2.16,1.84,2.37,1.93
"2017-18","774","Dublin City","ALL","All Column Values","School Administration",862560.86,411018.73,1273579.59,5.12,4.34,5.61,4.57
"2017-18","774","Dublin City","ALL","All Column Values","Teachers and Paraprofessionals",8428297.68,3690540.31,12118837.99,48.71,41.33,53.38,43.47
"2017-18","776","Gainesville City","ALL","All Column Values","General Administration",850882.81,644174.98,1495057.79,1.99,1.61,2.03,1.43
"2017-18","776","Gainesville City","ALL","All Column Values","School Administration",2369698.06,1242543,3612241.06,4.81,3.89,4.89,3.46
"2017-18","776","Gainesville City","ALL","All Column Values","Teachers and Paraprofessionals",27701161.45,13571157.83,41272319.28,54.98,44.49,55.91,39.59
"2017-18","779","Jefferson City","ALL","All Column Values","General Administration",297505.5,132365.32,429870.82,1.47,0.91,1.5,1.02
"2017-18","779","Jefferson City","ALL","All Column Values","School Administration",1016785.18,492220.28,1509005.46,5.17,3.19,5.27,3.57
"2017-18","779","Jefferson City","ALL","All Column Values","Teachers and Paraprofessionals",12956720.4,5315307.69,18272028.09,62.55,38.58,63.87,43.21
"2017-18","781","Marietta City","ALL","All Column Values","General Administration",946903.49,515292.01,1462195.5,1.39,1.09,1.44,1.24
"2017-18","781","Marietta City","ALL","All Column Values","School Administration",3163387.5,1799475.92,4962863.42,4.72,3.71,4.9,4.2
"2017-18","781","Marietta City","ALL","All Column Values","Teachers and Paraprofessionals",38822523.56,17622580.53,56445104.09,53.72,42.18,55.71,47.75
"2017-18","7820108","State Charter Schools- Mountain Education Center School","ALL","All Column Values","General Administration",251222.4,183753.36,434975.76,1.9,1.84,2.37,2.06
"2017-18","7820108","State Charter Schools- Mountain Education Center School","ALL","All Column Values","School Administration",984044.68,590842.89,1574887.57,6.86,6.65,8.57,7.44
"2017-18","7820108","State Charter Schools- Mountain Education Center School","ALL","All Column Values","Teachers and Paraprofessionals",6660796.17,703757.45,7364553.62,32.09,31.09,40.09,34.81
"2017-18","7820110","State Charter Schools- Odyssey School","ALL","All Column Values","General Administration",0,0,0,0,0,0,0
"2017-18","7820110","State Charter Schools- Odyssey School","ALL","All Column Values","School Administration",107291.74,0,107291.74,2.38,2.38,2.65,2.57
"2017-18","7820110","State Charter Schools- Odyssey School","ALL","All Column Values","Teachers and Paraprofessionals",1099743.78,613534.53,1713278.31,38.06,38.06,42.32,41.09
"2017-18","7820119","State Charter Schools- Provost Academy Georgia","ALL","All Column Values","General Administration",0,0,0,0,0,0,0
"2017-18","7820119","State Charter Schools- Provost Academy Georgia","ALL","All Column Values","School Administration",1033166,582441,1615607,16.28,16.28,16.48,16.48
"2017-18","7820119","State Charter Schools- Provost Academy Georgia","ALL","All Column Values","Teachers and Paraprofessionals",1078360,300869,1379229,13.9,13.9,14.07,14.07
"2017-18","7820120","State Charter Schools- Georgia Cyber Academy","ALL","All Column Values","General Administration",0,0,0,0,0,0,0
"2017-18","7820120","State Charter Schools- Georgia Cyber Academy","ALL","All Column Values","School Administration",0,0,0,0,0,0,0
"2017-18","7820120","State Charter Schools- Georgia Cyber Academy","ALL","All Column Values","Teachers and Paraprofessionals",23173957,9991235,33165192,36.89,36.89,36.89,36.89
"2017-18","7820121","State Charter Schools- Utopian Academy for the Arts Charter School","ALL","All Column Values","General Administration",0,13365.55,13365.55,0.52,0.52,0.5,0.5
"2017-18","7820121","State Charter Schools- Utopian Academy for the Arts Charter School","ALL","All Column Values","School Administration",319879,105280.22,425159.22,16.44,16.44,15.9,15.9
"2017-18","7820121","State Charter Schools- Utopian Academy for the Arts Charter School","ALL","All Column Values","Teachers and Paraprofessionals",820018.64,312133.35,1132151.99,43.79,43.79,42.33,42.33
"2017-18","7820212","State Charter Schools- Cherokee Charter Academy","ALL","All Column Values","General Administration",0,0,0,0,0,0,0
"2017-18","7820212","State Charter Schools- Cherokee Charter Academy","ALL","All Column Values","School Administration",339507.1,100356.86,439863.96,5.98,5.98,5.63,5.63
"2017-18","7820212","State Charter Schools- Cherokee Charter Academy","ALL","All Column Values","Teachers and Paraprofessionals",2777979.23,1147327.4,3925306.63,53.38,53.38,50.22,50.22
"2017-18","7820412","State Charter Schools- Georgia Connections Academy","ALL","All Column Values","General Administration",0,0,0,0,0,0,0
"2017-18","7820412","State Charter Schools- Georgia Connections Academy","ALL","All Column Values","School Administration",1097699.61,414365.24,1512064.85,5.75,5.75,5.76,5.76
"2017-18","7820412","State Charter Schools- Georgia Connections Academy","ALL","All Column Values","Teachers and Paraprofessionals",5706838.57,2235385.14,7942223.71,30.21,30.21,30.24,30.24
"2017-18","7820612","State Charter Schools- Ivy Prep Academy at Kirkwood for Girls School","ALL","All Column Values","General Administration",0,0,0,0,0,0,0
"2017-18","7820612","State Charter Schools- Ivy Prep Academy at Kirkwood for Girls School","ALL","All Column Values","School Administration",478324.58,97226.12,575550.7,11,10.61,11.29,10.89
"2017-18","7820612","State Charter Schools- Ivy Prep Academy at Kirkwood for Girls School","ALL","All Column Values","Teachers and Paraprofessionals",1513885.38,466682.82,1980568.2,37.84,36.52,38.86,37.47
"2017-18","7820613","State Charter Schools- Foothills Charter High School (Madison Campus)","ALL","All Column Values","General Administration",435760.95,59085.21,494846.16,2.97,2.97,3.53,3.53
"2017-18","7820613","State Charter Schools- Foothills Charter High School (Madison Campus)","ALL","All Column Values","School Administration",947618.8,81264.39,1028883.19,6.17,6.17,7.33,7.33
"2017-18","7820613","State Charter Schools- Foothills Charter High School (Madison Campus)","ALL","All Column Values","Teachers and Paraprofessionals",3417817.47,262370.02,3680187.49,22.05,22.05,26.23,26.23
"2017-18","7820614","State Charter Schools- International Charter School of Atlanta","ALL","All Column Values","General Administration",30676.03,110790.15,141466.18,2.19,2.19,2.03,2.03
"2017-18","7820614","State Charter Schools- International Charter School of Atlanta","ALL","All Column Values","School Administration",224000.04,91545.33,315545.37,4.88,4.88,4.53,4.53
"2017-18","7820614","State Charter Schools- International Charter School of Atlanta","ALL","All Column Values","Teachers and Paraprofessionals",1876520.47,792625.41,2669145.88,41.32,41.32,38.28,38.28
"2017-18","7820615","State Charter Schools- Scintilla Charter Academy","ALL","All Column Values","General Administration",57500.04,36228.45,93728.49,1.93,0.62,2.38,0.69
"2017-18","7820615","State Charter Schools- Scintilla Charter Academy","ALL","All Column Values","School Administration",162000,70884.13,232884.13,4.8,1.55,5.91,1.73
"2017-18","7820615","State Charter Schools- Scintilla Charter Academy","ALL","All Column Values","Teachers and Paraprofessionals",1255860.14,594245,1850105.14,38.15,12.31,46.94,13.71
"2017-18","7820616","State Charter Schools- Georgia School for Innovation and the Classics","ALL","All Column Values","General Administration",0,0,0,0,0,0,0
"2017-18","7820616","State Charter Schools- Georgia School for Innovation and the Classics","ALL","All Column Values","School Administration",251498,0,251498,4.57,4.57,5.35,5.35
"2017-18","7820616","State Charter Schools- Georgia School for Innovation and the Classics","ALL","All Column Values","Teachers and Paraprofessionals",1950854,968390,2919244,53,53,62.12,62.12
"2017-18","7820617","State Charter Schools- Dubois Integrity Academy I","ALL","All Column Values","General Administration",0,0,0,0,0,0,0
"2017-18","7820617","State Charter Schools- Dubois Integrity Academy I","ALL","All Column Values","School Administration",275607,67526,343133,4.99,4.64,5.26,4.88
"2017-18","7820617","State Charter Schools- Dubois Integrity Academy I","ALL","All Column Values","Teachers and Paraprofessionals",2038694,519533,2558227,37.17,34.59,39.23,36.37
"2017-18","7830103","Commission Charter Schools- CCAT School","ALL","All Column Values","General Administration",0,0,0,0,0,0,0
"2017-18","7830103","Commission Charter Schools- CCAT School","ALL","All Column Values","School Administration",146135,78268,224403,14.44,14.44,14.07,14.07
"2017-18","7830103","Commission Charter Schools- CCAT School","ALL","All Column Values","Teachers and Paraprofessionals",647747,240737,888484,57.17,57.17,55.71,55.71
"2017-18","7830110","Commission Charter Schools- Ivy Preparatory Academy School","ALL","All Column Values","General Administration",0,0,0,0,0,0,0
"2017-18","7830110","Commission Charter Schools- Ivy Preparatory Academy School","ALL","All Column Values","School Administration",325033.83,64723.62,389757.45,26.96,26.59,21.5,21.27
"2017-18","7830110","Commission Charter Schools- Ivy Preparatory Academy School","ALL","All Column Values","Teachers and Paraprofessionals",251300.65,90128.77,341429.42,23.62,23.3,18.83,18.63
"2017-18","7830210","Commission Charter Schools- Pataula Charter Academy","ALL","All Column Values","General Administration",0,0,0,0,0,0,0
"2017-18","7830210","Commission Charter Schools- Pataula Charter Academy","ALL","All Column Values","School Administration",375304.26,124311.17,499615.43,4.66,4.66,5.3,5.3
"2017-18","7830210","Commission Charter Schools- Pataula Charter Academy","ALL","All Column Values","Teachers and Paraprofessionals",1931124.8,773031.98,2704156.78,25.23,25.23,28.69,28.69
"2017-18","7830310","Commission Charter Schools- Fulton Leadership Academy","ALL","All Column Values","General Administration",0,22178,22178,0.5,0.5,0.49,0.49
"2017-18","7830310","Commission Charter Schools- Fulton Leadership Academy","ALL","All Column Values","School Administration",211748,97118,308866,7.01,7.01,6.85,6.85
"2017-18","7830310","Commission Charter Schools- Fulton Leadership Academy","ALL","All Column Values","Teachers and Paraprofessionals",938440,257403,1195843,27.12,27.12,26.52,26.52
"2017-18","7830410","Commission Charter Schools- Atlanta Heights Charter School","ALL","All Column Values","General Administration",0,0,0,0,0,0,0
"2017-18","7830410","Commission Charter Schools- Atlanta Heights Charter School","ALL","All Column Values","School Administration",357887.47,174007.65,531895.12,7.13,7.13,7.13,7.13
"2017-18","7830410","Commission Charter Schools- Atlanta Heights Charter School","ALL","All Column Values","Teachers and Paraprofessionals",1975865.51,888878.4,2864743.91,38.39,38.39,38.38,38.38
"2017-18","7830610","Commission Charter Schools- Coweta Charter Academy","ALL","All Column Values","General Administration",0,0,0,0,0,0,0
"2017-18","7830610","Commission Charter Schools- Coweta Charter Academy","ALL","All Column Values","School Administration",281993.99,92908.32,374902.31,5.92,5.92,5.64,5.64
"2017-18","7830610","Commission Charter Schools- Coweta Charter Academy","ALL","All Column Values","Teachers and Paraprofessionals",2176932.54,822396.63,2999329.17,47.36,47.36,45.13,45.13
"2017-18","7830611","Commission Charter Schools- Cirrus Charter Academy","ALL","All Column Values","General Administration",0,0,0,0,0,0,0
"2017-18","7830611","Commission Charter Schools- Cirrus Charter Academy","ALL","All Column Values","School Administration",396054,13998,410052,10.23,9.28,10.25,9.3
"2017-18","7830611","Commission Charter Schools- Cirrus Charter Academy","ALL","All Column Values","Teachers and Paraprofessionals",1001549,359259,1360808,33.94,30.81,34.01,30.86
"2017-18","7830612","Commission Charter Schools- Southwest Georgia S.T.E.M. Charter Academy","ALL","All Column Values","General Administration",18750,2959.98,21709.98,1.15,1.09,1.02,0.97
"2017-18","7830612","Commission Charter Schools- Southwest Georgia S.T.E.M. Charter Academy","ALL","All Column Values","School Administration",257746.18,78341.79,336087.97,17.74,16.84,15.8,15.04
"2017-18","7830612","Commission Charter Schools- Southwest Georgia S.T.E.M. Charter Academy","ALL","All Column Values","Teachers and Paraprofessionals",730635.99,342993.02,1073629.01,56.67,53.8,50.49,48.03
"2017-18","7830613","Commission Charter Schools- Brookhaven Innovation Academy","ALL","All Column Values","General Administration",0,0,0,0,0,0,0
"2017-18","7830613","Commission Charter Schools- Brookhaven Innovation Academy","ALL","All Column Values","School Administration",196077.79,70744.18,266821.97,6.14,5.51,6.66,6
"2017-18","7830613","Commission Charter Schools- Brookhaven Innovation Academy","ALL","All Column Values","Teachers and Paraprofessionals",1559329.19,467501.63,2026830.82,46.67,41.85,50.59,45.55
"2017-18","7830614","Commission Charter Schools- Liberty Tech Charter Academy","ALL","All Column Values","General Administration",36750,5658.89,42408.89,1.24,1.24,1.3,1.3
"2017-18","7830614","Commission Charter Schools- Liberty Tech Charter Academy","ALL","All Column Values","School Administration",157383.65,2549.2,159932.85,4.67,4.67,4.89,4.89
"2017-18","7830614","Commission Charter Schools- Liberty Tech Charter Academy","ALL","All Column Values","Teachers and Paraprofessionals",1321725.99,679047.45,2000773.44,58.44,58.44,61.19,61.19
"2017-18","784","Pelham City","ALL","All Column Values","General Administration",302054.19,106207.84,408262.03,2.84,2.51,2.91,2.35
"2017-18","784","Pelham City","ALL","All Column Values","School Administration",637201.05,272554.47,909755.52,6.33,5.59,6.49,5.24
"2017-18","784","Pelham City","ALL","All Column Values","Teachers and Paraprofessionals",5770277.05,2499610.38,8269887.43,57.53,50.82,59,47.61
"2017-18","785","Rome City","ALL","All Column Values","General Administration",810725.77,358916.89,1169642.66,1.97,1.68,2.04,1.71
"2017-18","785","Rome City","ALL","All Column Values","School Administration",1856261.66,959680.6,2815942.26,4.74,4.06,4.91,4.12
"2017-18","785","Rome City","ALL","All Column Values","Teachers and Paraprofessionals",22232145.23,10921376.11,33153521.34,55.85,47.76,57.77,48.54
"2017-18","786","Social Circle City","ALL","All Column Values","General Administration",350105.88,149992.9,500098.78,2.97,2.66,2.92,2.74
"2017-18","786","Social Circle City","ALL","All Column Values","School Administration",738921.7,298908,1037829.7,6.16,5.53,6.06,5.68
"2017-18","786","Social Circle City","ALL","All Column Values","Teachers and Paraprofessionals",6595374.56,2690418.03,9285792.59,55.14,49.47,54.22,50.86
"2017-18","789","Thomasville City","ALL","All Column Values","General Administration",239264.28,159086.96,398351.24,1.41,1.21,1.37,1.14
"2017-18","789","Thomasville City","ALL","All Column Values","School Administration",1191564.88,575729.42,1767294.3,6.24,5.36,6.09,5.05
"2017-18","789","Thomasville City","ALL","All Column Values","Teachers and Paraprofessionals",10748490.62,4946656.31,15695146.93,55.4,47.6,54.11,44.87
"2017-18","791","Trion City","ALL","All Column Values","General Administration",315609.75,129198.17,444807.92,3.34,3.02,3.51,3.13
"2017-18","791","Trion City","ALL","All Column Values","School Administration",652851.86,348464.54,1001316.4,7.52,6.81,7.9,7.04
"2017-18","791","Trion City","ALL","All Column Values","Teachers and Paraprofessionals",5168760.23,2301662.47,7470422.7,56.09,50.78,58.93,52.54
"2017-18","792","Valdosta City","ALL","All Column Values","General Administration",799971.2,397334.29,1197305.49,1.61,1.31,1.65,1.11
"2017-18","792","Valdosta City","ALL","All Column Values","School Administration",2617311.65,1452337.72,4069649.37,5.47,4.46,5.62,3.79
"2017-18","792","Valdosta City","ALL","All Column Values","Teachers and Paraprofessionals",26012004.68,12999670.06,39011674.74,52.41,42.78,53.83,36.3
"2017-18","793","Vidalia City","ALL","All Column Values","General Administration",314389.88,122803.92,437193.8,2.05,1.34,2.04,1.11
"2017-18","793","Vidalia City","ALL","All Column Values","School Administration",696533.58,280251.22,976784.8,4.58,3,4.55,2.47
"2017-18","793","Vidalia City","ALL","All Column Values","Teachers and Paraprofessionals",8694059.8,3761614.94,12455674.74,58.41,38.31,57.99,31.51
"2017-18","850","Northwest Georgia RESA","ALL","All Column Values","General Administration",120226.53,87528.84,207755.37,2.39,2.39,2.32,2.32
"2017-18","850","Northwest Georgia RESA","ALL","All Column Values","School Administration",0,52349.84,52349.84,0.6,0.6,0.58,0.58
"2017-18","850","Northwest Georgia RESA","ALL","All Column Values","Teachers and Paraprofessionals",2506211.64,1259104.89,3765316.53,43.36,43.36,42.02,42.02
"2017-18","852","North Georgia RESA","ALL","All Column Values","General Administration",180148.98,68870.98,249019.96,6.61,6.61,6.48,6.48
"2017-18","852","North Georgia RESA","ALL","All Column Values","School Administration",0,75227.34,75227.34,2,2,1.96,1.96
"2017-18","852","North Georgia RESA","ALL","All Column Values","Teachers and Paraprofessionals",1095908.69,639369.29,1735277.98,46.07,46.07,45.12,45.12
"2017-18","854","Pioneer RESA","ALL","All Column Values","General Administration",272497.69,123715.76,396213.45,4.4,4.01,4.54,4.51
"2017-18","854","Pioneer RESA","ALL","All Column Values","School Administration",0,0,0,0,0,0,0
"2017-18","854","Pioneer RESA","ALL","All Column Values","Teachers and Paraprofessionals",1576995.75,581450.76,2158446.51,23.98,21.86,24.75,24.57
"2017-18","856","Metro RESA","ALL","All Column Values","General Administration",296562.21,195184.34,491746.55,4.07,4.07,4.12,4.12
"2017-18","856","Metro RESA","ALL","All Column Values","School Administration",138760.62,190065.54,328826.16,2.72,2.72,2.75,2.75
"2017-18","856","Metro RESA","ALL","All Column Values","Teachers and Paraprofessionals",2087476.47,913083.67,3000560.14,24.82,24.82,25.11,25.11
"2017-18","858","Northeast Georgia RESA","ALL","All Column Values","General Administration",161576.74,33107.83,194684.57,1.93,1.93,1.94,1.94
"2017-18","858","Northeast Georgia RESA","ALL","All Column Values","School Administration",10441.6,22265.08,32706.68,0.32,0.32,0.33,0.33
"2017-18","858","Northeast Georgia RESA","ALL","All Column Values","Teachers and Paraprofessionals",2369035.24,1169029.89,3538065.13,35.01,35.01,35.21,35.21
"2017-18","860","West Georgia RESA","ALL","All Column Values","General Administration",263715.08,124740.95,388456.03,4.77,4.77,4.99,4.99
"2017-18","860","West Georgia RESA","ALL","All Column Values","School Administration",68872.92,91666.66,160539.58,1.97,1.97,2.06,2.06
"2017-18","860","West Georgia RESA","ALL","All Column Values","Teachers and Paraprofessionals",2201081.04,1172559.79,3373640.83,41.41,41.41,43.34,43.34
"2017-18","862","Griffin RESA","ALL","All Column Values","General Administration",244869,96791.51,341660.51,8.06,8.06,9.24,9.16
"2017-18","862","Griffin RESA","ALL","All Column Values","School Administration",0,0,0,0,0,0,0
"2017-18","862","Griffin RESA","ALL","All Column Values","Teachers and Paraprofessionals",126609.24,37449.07,164058.31,3.87,3.87,4.44,4.4
"2017-18","864","Middle Georgia RESA","ALL","All Column Values","General Administration",213406.76,56420.9,269827.66,9.56,9.56,9.17,9.17
"2017-18","864","Middle Georgia RESA","ALL","All Column Values","School Administration",0,0,0,0,0,0,0
"2017-18","864","Middle Georgia RESA","ALL","All Column Values","Teachers and Paraprofessionals",98679.12,30979.83,129658.95,4.59,4.59,4.41,4.41
"2017-18","866","Oconee RESA","ALL","All Column Values","General Administration",83882.33,35678.87,119561.2,3.09,3.09,3.22,3.22
"2017-18","866","Oconee RESA","ALL","All Column Values","School Administration",0,17250.62,17250.62,0.45,0.45,0.46,0.46
"2017-18","866","Oconee RESA","ALL","All Column Values","Teachers and Paraprofessionals",624531.72,364186.35,988718.07,25.57,25.57,26.62,26.62
"2017-18","868","Central Savannah River RESA","ALL","All Column Values","General Administration",214206.93,62103.7,276310.63,8.47,8.47,8.51,8.51
"2017-18","868","Central Savannah River RESA","ALL","All Column Values","School Administration",0,19467.92,19467.92,0.6,0.6,0.6,0.6
"2017-18","868","Central Savannah River RESA","ALL","All Column Values","Teachers and Paraprofessionals",186730.58,63251.75,249982.33,7.66,7.66,7.7,7.7
"2017-18","872","Chattahoochee-Flint RESA","ALL","All Column Values","General Administration",134909.11,2556.24,137465.35,4.44,4.44,3.88,3.88
"2017-18","872","Chattahoochee-Flint RESA","ALL","All Column Values","School Administration",0,0,0,0,0,0,0
"2017-18","872","Chattahoochee-Flint RESA","ALL","All Column Values","Teachers and Paraprofessionals",286460.47,84709.15,371169.62,11.98,11.98,10.48,10.48
"2017-18","876","Heart of Georgia RESA","ALL","All Column Values","General Administration",189098.98,84974.78,274073.76,5.08,5.08,5.05,5.05
"2017-18","876","Heart of Georgia RESA","ALL","All Column Values","School Administration",91189.56,58557.13,149746.69,2.78,2.78,2.76,2.76
"2017-18","876","Heart of Georgia RESA","ALL","All Column Values","Teachers and Paraprofessionals",848738.14,382186.07,1230924.21,22.83,22.83,22.69,22.69
"2017-18","880","First District RESA","ALL","All Column Values","General Administration",206272.53,58890.65,265163.18,2.8,2.8,2.79,2.79
"2017-18","880","First District RESA","ALL","All Column Values","School Administration",0,96038.09,96038.09,1.02,1.02,1.01,1.01
"2017-18","880","First District RESA","ALL","All Column Values","Teachers and Paraprofessionals",1798690.01,888005.69,2686695.7,28.41,28.41,28.32,28.32
"2017-18","884","Southwest Georgia RESA","ALL","All Column Values","General Administration",98131.12,52460.93,150592.05,5.72,5.72,6.01,6.01
"2017-18","884","Southwest Georgia RESA","ALL","All Column Values","School Administration",0,0,0,0,0,0,0
"2017-18","884","Southwest Georgia RESA","ALL","All Column Values","Teachers and Paraprofessionals",0,0,0,0,0,0,0
"2017-18","886","Coastal Plains RESA","ALL","All Column Values","General Administration",182429.26,74101.32,256530.58,8.42,8.42,8.59,8.59
"2017-18","886","Coastal Plains RESA","ALL","All Column Values","School Administration",0,0,0,0,0,0,0
"2017-18","886","Coastal Plains RESA","ALL","All Column Values","Teachers and Paraprofessionals",164698,2961.8,167659.8,5.5,5.5,5.61,5.61
"2017-18","888","Okefenokee RESA","ALL","All Column Values","General Administration",124048.8,108538.15,232586.95,6.8,6.8,6.67,6.67
"2017-18","888","Okefenokee RESA","ALL","All Column Values","School Administration",0,16508.78,16508.78,0.48,0.48,0.47,0.47
"2017-18","888","Okefenokee RESA","ALL","All Column Values","Teachers and Paraprofessionals",693080.39,395723.37,1088803.76,31.84,31.84,31.25,31.25
"2017-18","ALL","All Column Values","ALL","All Column Values","General Administration",115210284.88,76917348.32,192127633.2,1.09,0.89,1.11,0.91
"2017-18","ALL","All Column Values","ALL","All Column Values","School Administration",592856457.91,306485024.28,899341482.19,5.1,4.19,5.21,4.24
"2017-18","ALL","All Column Values","ALL","All Column Values","Teachers and Paraprofessionals",6537680180.52,3023128636.46,9560808816.98,54.19,44.49,55.42,45.12
