SysSchoolID,School Name,Enrollment in Grades Applicable to AYP Grades 1 through 8 and 11,Number of Students Taking the GAA
601:1050,Altamaha Elementary School,265,0
601:177,Appling County Elementary School,507,10
601:195,Appling County Middle School,759,6
601:2050,Appling County High School,197,7
601:277,Appling County Primary School,345,0
601:5050,Fourth District Elementary School,106,0
601:ALL,Appling County,2179,23
602:103,Atkinson County High School,201,2
602:187,Willacoochee Elementary School,244,0
602:190,Pearson Elementary School,665,6
602:ALL,Atkinson County,1110,8
603:102,Bacon County Primary School,294,4
603:202,Bacon County Middle School,438,4
603:302,Bacon County High School,82,2
603:3050,Bacon County Elementary School,420,1
603:ALL,Bacon County,1234,11
604:182,Baker County Elementary School,291,2
604:ALL,Baker County,291,2
605:100,Oak Hill MS,1376,36
605:1052,Davis Elementary School,344,3
605:189,Baldwin High School,300,4
605:194,Midway Elementary School,556,6
605:195,Blandy Hills Elementary School,537,0
605:199,Creekside Elementary School,603,14
605:2054,Southside Elementary School,366,0
605:ALL,Baldwin County,4082,63
606:101,Banks County Upper Elementary School,389,3
606:189,Banks County Primary School,199,0
606:199,Banks County High School,133,3
606:201,Banks County Middle School,642,21
606:2050,Banks County Elementary School,388,3
606:ALL,Banks County,1751,30
607:101,Apalachee High School,237,2
607:1050,Auburn Elementary School,387,2
607:189,Kennedy Elementary School,476,18
607:193,Bramlett Elementary School,623,4
607:198,Westside Middle School,851,7
607:2050,Bethlehem Elementary School,371,0
607:2052,Winder-Barrow Middle School,758,5
607:289,Russell Middle School,758,7
607:298,Yargo Elementary School,527,1
607:3050,County Line Elementary School,409,0
607:3052,Winder-Barrow High School,270,2
607:4050,Holsenbeck Elementary School,553,0
607:5050,Statham Elementary School,540,5
607:ALL,Barrow County,6760,53
608:101,Woodland Middle School at Euharlee,843,1
608:1052,Cloverleaf Elementary School,534,4
608:107,Euharlee Elementary School,651,10
608:175,White Elementary School,527,1
608:177,Adairsville Elementary School,547,0
608:186,Mission Road Elementary School,427,1
608:190,South Central Middle School,722,7
608:195,Cass Middle School,1099,10
608:196,Allatoona Elementary School,475,1
608:198,Woodland High School,266,0
608:2052,Emerson Elementary School,401,0
608:296,Kingston Elementary School,402,0
608:301,Adairsville Middle School,591,0
608:377,Hamilton Crossing Elementary School,596,6
608:396,Taylorsville Elementary School,420,1
608:401,Adairsville High School,136,0
608:4052,Pine Log Elementary School,317,4
608:577,Cass High School,270,5
608:ALL,Bartow County,9224,51
609:1050,Ben Hill County Elementary School,697,12
609:196,Ben Hill County Primary School,502,4
609:291,Fitzgerald High School,185,2
609:296,Ben Hill County Middle School,738,15
609:ALL,Ben Hill County,2122,33
610:101,Berrien High School,184,0
610:194,Berrien Middle School,775,7
610:195,Berrien Elementary School,684,2
610:5050,Berrien Primary School,445,6
610:ALL,Berrien County,2088,15
611:101,Heritage Elementary School,793,8
611:103,Skyview Elementary School,537,16
611:104,Burdell Elementary School,469,0
611:1050,Alexander II Magnet School,379,0
611:1054,Bernd Elementary School,454,0
611:1058,Danforth Primary School,151,0
611:1060,Hamilton Elementary School,309,14
611:1067,Porter Elementary School,377,0
611:1068,Riley Elementary School,381,0
611:1069,Taylor at Tinsley Elementary School,502,6
611:179,Butler Early Childhood Center,59,12
611:183,Burke Elementary School,426,1
611:185,Martin Luther King Elementary School,299,0
611:186,Central High School,267,5
611:191,Brookdale Elementary School,446,7
611:194,Carter Elementary School,524,0
611:197,Weaver Middle School,1055,22
611:198,Westside High,283,0
611:203,Vineville Academy,366,1
611:204,Rutland High School,144,2
611:2052,McEvoy Middle School,789,36
611:2060,Hartley Elementary School,342,1
611:283,Union Elementary School,436,5
611:286,Northeast High School,181,3
611:298,Miller Magnet Middle School,827,1
611:303,William S. Hutchings Career Center,67,0
611:305,Rutland Middle School,993,6
611:3054,Bruce Elementary School,282,0
611:3060,Heard Elementary School,406,0
611:3062,Jones Elementary School,397,0
611:3066,Morgan Elementary School,383,10
611:3067,Ingram/Pye Elementary School,342,0
611:3068,Springdale Elementary School,726,0
611:383,Williams Elementary School,376,16
611:386,Southwest High School,184,0
611:4052,Barden Elementary School,438,0
611:4062,Lane Elementary School,387,1
611:4069,Weir Elementary School,199,0
611:5050,Appling Middle School,588,0
611:5054,Burghard Elementary School,432,0
611:5067,Rice Elementary School,424,0
611:ALL,Bibb County,17420,173
612:1050,Bleckley County Primary School,335,7
612:197,Bleckley County Elementary School,546,3
612:277,Bleckley County Middle School,585,7
612:377,Bleckley County High School,125,2
612:ALL,Bleckley County,1591,19
613:101,Waynesville Elementary School,562,6
613:1050,Brantley County High School,180,1
613:194,Brantley County Middle School,523,11
613:2050,Hoboken Elementary School,397,2
613:294,Nahunta Elementary School,306,10
613:3050,Nahunta Primary School,242,4
613:ALL,Brantley County,2210,34
614:193,Quitman Elementary School,642,6
614:197,Brooks County Middle School,584,1
614:2050,Brooks County High School,136,4
614:393,North Brooks Elementary School,341,0
614:ALL,Brooks County,1703,11
615:101,Dr. George Washington Carver Elementary School,617,4
615:182,Richmond Hill High School,261,0
615:199,Richmond Hill Middle School,922,4
615:202,Richmond Hill Primary School,323,0
615:282,Lanier Primary School,243,2
615:286,Bryan County Elementary School,428,3
615:302,Richmond Hill Elementary School,568,0
615:402,Bryan County Middle School,427,6
615:502,Bryan County High School,104,2
615:ALL,Bryan County,3893,21
616:100,Mill Creek Elementary School,442,18
616:1052,Nevils Elementary School,241,0
616:198,William James Middle School,554,19
616:199,Langston Chapel Elementary School,417,2
616:200,Brooklet Elementary School,379,3
616:2050,Bryant Elementary School,414,0
616:2054,Statesboro High School,298,9
616:299,Langston Chapel Middle School,694,9
616:300,Southeast Bulloch Middle School,666,10
616:3054,Stilson Elementary School,292,1
616:399,Portal Elementary School,285,0
616:4052,Portal Middle/High School,225,3
616:5050,Mattie Lively Elementary School,329,0
616:5052,Southeast Bulloch High School,164,6
616:5054,Sallie Zetterower Elementary School,263,1
616:ALL,Bulloch County,5663,81
617:104,New Blakeney Elementary,892,3
617:188,Burke County Middle School,1142,11
617:196,S G A Elementary School,285,0
617:2056,Waynesboro Primary School,563,8
617:288,Burke County High School,214,2
617:ALL,Burke County,3096,24
618:100,Henderson Middle School,807,6
618:104,Hampton L. Daughtry Elementary School,436,5
618:190,Jackson High School,194,4
618:194,Jackson Elementary School,420,2
618:200,North Mulberry Elementary School,437,3
618:ALL,Butts County,2294,20
619:179,Calhoun County Elementary School,285,1
619:4050,Calhoun County Middle/High School,202,5
619:ALL,Calhoun County,487,6
620:100,Mamie Lou Gross Elementary School,333,17
620:182,Camden Middle School,1305,16
620:187,Crooked River Elementary School,376,0
620:189,Matilda Harris Elementary School,580,0
620:192,Woodbine Elementary School,302,3
620:193,Kingsland Elementary School,392,0
620:195,David L Rainer Elementary School,448,0
620:197,Sugarmill Elementary,344,12
620:295,Camden County High School,555,19
620:3050,Saint Marys Elementary School,389,0
620:395,Saint Marys Middle School,965,6
620:495,Mary Lee Clark Elementary School,545,0
620:ALL,Camden County,6534,73
621:101,Metter High School,110,1
621:102,Metter Middle School,438,13
621:202,Metter Intermediate School,284,2
621:302,Metter Elementary School,428,2
621:ALL,Candler County,1260,18
622:100,Sharp Creek Elementary School,650,0
622:101,Jonesville Middle School,537,2
622:102,Temple Middle School,674,2
622:1054,Temple Elementary School,509,0
622:176,Mount Zion Elementary School,438,2
622:177,Central Middle School,1002,38
622:189,Temple High School,104,0
622:190,Open Campus High School,13,0
622:198,Bay Springs Middle School,1114,11
622:199,Villa Rica Elementary,637,3
622:2050,Bowdon Elementary School,587,2
622:2052,Central High School,220,7
622:276,Mount Zion High School,180,1
622:3050,Bowdon High School,88,0
622:3054,Villa Rica Primary School,429,0
622:377,Roopville Elementary School,264,0
622:477,Whitesburg Elementary School,309,4
622:5050,Central Elementary School,759,18
622:5052,Sand Hill Elementary School,581,3
622:5054,Villa Rica High School,241,0
622:ALL,Carroll County,9336,93
623:100,Ringgold Primary School,420,5
623:102,Battlefield Primary,262,0
623:103,Battlefield Elementary School,390,0
623:1050,Boynton Elementary School,442,13
623:1052,Lakeview-Fort Oglethorpe High School,265,3
623:1054,West Side Elementary School,373,0
623:185,Tiger Creek Elementary School,415,0
623:2552,Lakeview Middle School,1138,1
623:3050,Cloud Springs Elementary School,464,2
623:3052,Ringgold Elementary School,653,4
623:4052,Ringgold High School,297,0
623:5050,Graysville Elementary School,482,3
623:5052,Ringgold Middle School,1334,10
623:ALL,Catoosa County,6935,41
624:199,Folkston Elementary School,516,13
624:287,Charlton County High School,468,3
624:387,Bethune Elementary School,206,1
624:4050,St. George Elementary School,149,0
624:ALL,Charlton County,1339,17
625:100,Tompkins Middle School,480,1
625:101,Johnson High School,214,3
625:1052,Bartow Elementary School,367,3
625:1056,Gadsden Elementary School,522,0
625:1058,Heard Elementary School,428,0
625:1060,Howard Elementary School,539,11
625:1070,White Bluff Elementary School,629,11
625:191,East Broad Street Elementary School,463,0
625:192,Garrison Elementary School,413,1
625:193,Islands Elementary School,578,0
625:194,Georgetown Elementary School,513,6
625:197,Garden City Elementary School,432,0
625:198,Coastal Middle School,863,14
625:199,West Chatham Middle School,970,17
625:200,West Chatham Elementary School,484,2
625:201,DeRenne Middle School,863,0
625:2052,Beach High School,208,8
625:2056,Gould Elementary School,407,0
625:2060,Hubert Middle School,506,1
625:2062,Largo-Tibet Elementary School,464,0
625:2068,Spencer Elementary School,390,0
625:2069,Thunderbolt Elementary School,546,2
625:298,Marshpoint Elementary School,660,24
625:299,Southwest Middle School,946,5
625:300,Southwest Elementary School,572,1
625:301,Myers Middle School,874,16
625:3056,Groves High School,239,7
625:3060,Isle of Hope Elementary School,457,1
625:3062,Low Elementary School,512,11
625:3064,Pooler Elementary School,311,0
625:399,Savannah High School,157,1
625:400,Oglethorpe Academy,319,0
625:4052,Bloomingdale Elementary School,441,1
625:4054,Ellis Elementary School,418,0
625:4056,Haven Elementary School,260,0
625:4058,Hesse Elementary School,441,1
625:4066,Shuman Middle School,751,1
625:4068,Port Wentworth Elementary School,231,0
625:4070,Windsor Forest Elementary School,417,0
625:499,Savannah Arts Academy,133,0
625:5050,Bartlett Middle School,798,20
625:5052,Butler Elementary School,584,28
625:5058,Hodge Elementary School,356,0
625:5060,Jenkins High School,334,12
625:5062,Mercer Middle School,762,1
625:5064,Pulaski Elementary School,328,1
625:5066,Jacob G. Smith Elementary School,310,0
625:5070,Windsor Forest High School,306,12
625:ALL,Chatham County,23196,223
626:101,Chattahoochee County Education Center,259,2
626:201,Chattahoochee County Middle School,155,3
626:ALL,Chattahoochee County,414,5
627:1050,Chattooga High School,150,1
627:2050,Lyerly Elementary School,340,5
627:2052,Summerville Middle School,433,1
627:3050,Menlo Elementary School,331,0
627:3550,North Summerville Elementary School,194,0
627:4050,Pennville Elementary School,216,15
627:5050,Summerville Elementary School,337,0
627:ALL,Chattooga County,2001,22
628:101,Carmel Elementary School,1223,6
628:1050,Ball Ground Elementary School,374,0
628:1052,Clayton Elementary School,337,1
628:1554,Tippens Elementary School,183,0
628:174,Canton Elementary School,482,0
628:176,Etowah High School,396,5
628:177,Little River Elementary School,590,2
628:181,Booth Middle School,1185,7
628:182,Johnston Elementary School,738,3
628:187,Rusk Middle School,1040,8
628:189,Boston Elementary School,617,3
628:190,Mountain Road Elementary School,472,27
628:191,Sequoyah High School,404,5
628:193,Sixes Elementary School,921,7
628:194,Polaris Evening School,31,0
628:196,Bascomb Elementary School,1077,5
628:197,Woodstock High School,419,4
628:198,R. M. Moore Elementary School,422,8
628:199,Holly Springs Elementary School,769,6
628:201,Chapman Intermediate School,1113,1
628:203,Liberty Elementary School,815,18
628:2050,Buffington Elementary School,161,0
628:2052,Free Home Elementary School,254,0
628:2054,Oak Grove Elementary School,599,0
628:287,Teasley Middle School,1193,16
628:291,Ralph Bunche Center,,
628:297,Woodstock Middle School,1240,18
628:3052,Hickory Flat Elementary School,1070,2
628:3054,Woodstock Elementary School,537,3
628:397,Arnold Mill Elementary School,775,0
628:5050,Cherokee High School,409,7
628:5052,Macedonia Elementary School,603,0
628:ALL,Cherokee County,20449,162
629:104,Classic City Performance Learning Center,8,0
629:1058,Clarke Middle School,620,19
629:1062,Whitehead Road Elementary School,353,0
629:178,Timothy Elementary School,333,0
629:191,Cleveland Road Elementary School,265,0
629:196,Coile Middle School,701,0
629:2056,Barnett Shoals Elementary School,407,9
629:2062,Winterville Elementary School,353,0
629:291,Fourth Street Elementary School,402,0
629:296,Burney-Harris-Lyons Middle School,530,0
629:3056,Barrow Elementary School,313,0
629:3058,Fowler Drive Elementary School,383,0
629:391,Whit Davis Road Elementary School,396,0
629:4058,Gaines Elementary School,310,14
629:4060,Oglethorpe Avenue Elementary School,338,6
629:4556,Cedar Shoals High School,308,0
629:5054,Alps Road Elementary School,333,0
629:5056,Chase Street Elementary School,191,0
629:5058,Hilsman Middle School,680,16
629:5556,Clarke Central High School,263,0
629:ALL,Clarke County,7487,64
630:104,Clay County Middle School,94,0
630:204,Clay County Elementary,170,0
630:ALL,Clay County,264,0
631:100,M. D. Roberts Middle School,1153,15
631:103,Callaway Elementary School,714,6
631:104,Mundy's Mill High School,320,7
631:1050,Anderson Elementary School,374,0
631:1052,East Clayton Elementary School,849,4
631:1054,Forest Park High School,266,9
631:1056,Jonesboro High School,289,2
631:1058,Lee Street Elementary School,385,1
631:1060,Northcutt Elementary School,568,0
631:1062,Tara Elementary School,515,1
631:1550,Arnold Elementary School,400,1
631:173,Kilpatrick Elementary School,588,1
631:174,Mundy's Mill Middle School,918,1
631:175,Brown Elementary School,847,9
631:176,Mount Zion Elementary School,739,0
631:177,Adamson Middle School,1265,13
631:181,Pointe South Elementary School,671,3
631:184,Kemp Elementary School,1005,0
631:190,Lovejoy High School,369,9
631:191,Lovejoy Middle School,1076,12
631:195,River's Edge Elementary School,726,4
631:197,Kendrick Middle School,1461,22
631:199,Hawthorne Elementary School,746,12
631:200,Roberta T. Smith Elementary School,758,12
631:203,Harper Elementary School,645,5
631:204,"Martin Luther King, Jr. Elementary School",759,9
631:2052,North Clayton High School,274,4
631:2054,Forest Park Middle School,717,0
631:2056,Jonesboro Middle School,602,1
631:2058,Morrow Elementary School,513,0
631:2060,Riverdale Elementary School,537,1
631:2062,West Clayton Elementary School,431,0
631:2554,Fountain Elementary School,431,0
631:276,Oliver Elementary School,666,0
631:277,Pointe South Middle School,1159,1
631:290,Mount Zion High School,333,21
631:295,Lake Ridge Elementary School,596,13
631:304,James Jackson Elementary School,647,9
631:3050,Babb Middle School,1099,13
631:3052,North Clayton Middle School,957,2
631:3054,Haynie Elementary School,641,0
631:3058,Morrow Middle School,999,0
631:3060,Riverdale Middle School,1062,1
631:377,Riverdale High School,293,16
631:4050,Church Street Elementary School,726,1
631:4054,Hendrix Drive Elementary School,253,0
631:4056,Lake City Elementary School,419,0
631:4058,Morrow High School,383,10
631:4060,Suder Elementary School,597,1
631:5052,Edmonds Elementary School,334,7
631:5054,Huie Elementary School,499,0
631:5056,William M. McGarrah Elementary School,778,3
631:5060,Swint Elementary School,596,11
631:ALL,Clayton County,34948,273
632:101,Clinch County Primary School,295,1
632:1050,Clinch County High School,185,0
632:201,Clinch County Elementary,410,4
632:301,Fargo Charter School,28,0
632:ALL,Clinch County,918,5
633:101,Kennesaw Mountain High School,663,1
633:102,Riverside Elementary School,722,7
633:103,Kell High School,371,0
633:104,Bullard Elementary School,822,0
633:1052,Belmont Hills Elementary School,281,0
633:1054,Campbell High School,454,4
633:1056,East Cobb Middle School,1291,9
633:1058,East Side Elementary School,672,3
633:1060,Garrett Middle School,898,12
633:1064,McEachern High School,731,4
633:1066,Norton Park Elementary School,626,6
633:1067,Powers Ferry Elementary School,400,0
633:1068,Sky View Elementary School,317,0
633:1069,Wheeler High School,375,2
633:173,Birney Elementary School,643,6
633:175,Walton High School,605,2
633:178,Mabry Middle School,888,4
633:180,Still Elementary School,502,6
633:181,Tritt Elementary School,696,0
633:184,McCleskey Middle School,828,8
633:185,Garrison Mill Elementary School,485,15
633:186,Oakwood High School,47,0
633:187,Keheley Elementary School,482,3
633:188,Pope High School,479,1
633:189,Baker Elementary School,603,8
633:190,Dowell Elementary School,742,14
633:191,Varner Elementary School,642,7
633:192,Harrison High School,486,10
633:194,Hayes Elementary School,756,1
633:197,Vaughan Elementary School,921,0
633:198,Chalker Elementary School,730,4
633:199,Nickajack Elementary School,622,0
633:202,Lindley Middle School,1387,6
633:203,Kemp Elementary School,720,0
633:204,Pitner Elementary School,793,1
633:2050,Argyle Elementary School,499,1
633:2054,Clarkdale Elementary School,356,9
633:2056,North Cobb High School,493,2
633:2062,King Springs Elementary School,499,7
633:2066,Osborne High School,377,6
633:2560,Griffin Middle School,1043,15
633:273,Kincaid Elementary School,500,5
633:275,Dodgen Middle School,843,9
633:278,Mount Bethel Elementary School,841,1
633:280,Pine Mountain Middle School,1225,10
633:281,Dickerson Middle School,1484,0
633:287,Lewis Elementary School,794,2
633:288,Mountain View Elementary School,647,1
633:289,Addison Elementary School,464,0
633:290,Campbell Middle School,1248,8
633:291,Shallowford Falls Elementary School,591,0
633:292,Ford Elementary School,802,0
633:294,Smitha Middle School,1305,1
633:297,Frey Elementary School,774,4
633:298,Cheatham Hill Elementary School,858,2
633:299,Durham Middle School,1662,8
633:302,Acworth Elementary School,863,0
633:304,Kennesaw Charter School,287,0
633:3054,Clay Elementary School,377,0
633:3056,South Cobb High School,468,6
633:3058,Fair Oaks Elementary School,542,7
633:3060,Harmony-Leland Elementary School,411,7
633:3062,LaBelle Elementary School,377,0
633:3064,Milford Elementary School,441,2
633:3067,Russell Elementary School,530,0
633:3556,Compton Elementary School,591,0
633:373,Sprayberry High School,426,4
633:375,Murdock Elementary School,677,6
633:378,Rocky Mount Elementary School,486,0
633:381,Lassiter High School,558,3
633:388,Davis Elementary School,542,5
633:389,Simpson Middle School,923,10
633:391,Nicholson Elementary School,492,0
633:394,Hightower Trail Middle School,1000,1
633:397,Green Acres Elementary School,676,6
633:398,Sanders Elementary School,750,0
633:399,Blackwell Elementary School,597,0
633:402,Austell Elementary School,666,6
633:404,Kennesaw Elem School,532,7
633:4050,Awtrey Middle School,1480,9
633:4052,Brown Elementary School,172,0
633:4056,Daniell Middle School,933,0
633:4066,Pebblebrook High School,378,1
633:4068,Teasley Elementary School,457,0
633:4560,Hollydale Elementary School,707,0
633:475,Tapp Middle School,1097,12
633:478,Sope Creek Elementary School,960,4
633:489,Powder Springs Elementary School,818,1
633:491,Timber Ridge Elementary School,414,0
633:499,Lost Mountain Middle School,1501,9
633:502,Cooper Middle School,1064,2
633:504,Big Shanty Elementary School,768,12
633:5050,Bells Ferry Elementary School,382,0
633:5052,Brumby Elementary School,664,5
633:5056,Due West Elementary School,438,2
633:5058,Floyd Middle School,981,13
633:5062,Mableton Elementary School,389,13
633:5067,Sedalia Park Elementary School,593,3
633:5068,Eastvalley Elementary School,457,7
633:592,Bryant Elementary School,904,2
633:602,Palmer Middle School,1288,7
633:ALL,Cobb County,70042,407
634:100,Indian Creek Elementary,631,7
634:102,Ambrose Elementary School,258,0
634:182,Satilla Elementary School,420,1
634:191,Broxton-Mary Hayes Elementary,240,0
634:195,Coffee County High School,396,8
634:282,Eastside Elementary School,481,0
634:291,Nicholls Elementary School,282,0
634:295,West Coffee Middle School,1164,5
634:3052,West Green Elementary School,260,0
634:4550,East Coffee Middle School,676,23
634:5050,Westside Elementary School,420,10
634:ALL,Coffee County,5228,54
635:1554,Colquitt County High School,464,7
635:178,Doerun Elementary School,142,0
635:187,Odom Elementary School,434,3
635:2052,Funston Elementary School,228,1
635:2056,Wright Elementary School,362,2
635:278,Norman Park Elementary School,411,4
635:3050,Stringfellow Elementary School,252,0
635:3052,Gray Middle School,959,2
635:3054,Okapilco Elementary School,301,2
635:4050,Cox Elementary School,360,3
635:4052,Hamilton Elementary School,188,0
635:5052,Willie J. Williams Middle School,942,22
635:5054,Sunset Elementary School,455,3
635:ALL,Colquitt County,5498,49
636:101,Greenbrier Middle School,719,10
636:102,Lewiston Elementary School,391,8
636:103,Grovetown Middle School,485,0
636:1050,Bel Air Elementary School,423,0
636:173,Westmont Elementary School,500,0
636:176,Evans Middle School,812,11
636:183,Harlem High School,197,0
636:186,Evans Elementary School,386,4
636:188,Blue Ridge Elementary School,618,6
636:189,Lakeside High School,354,1
636:190,Brookwood Elementary School,468,15
636:192,Stevens Creek Elementary School,717,0
636:193,Riverside Middle School,950,6
636:194,Riverside Elementary School,831,0
636:197,Greenbrier High School,376,2
636:2050,Columbia Middle School,712,0
636:2052,Martinez Elementary School,444,0
636:283,Harlem Middle School,409,0
636:290,Lakeside Middle School,879,0
636:297,Greenbrier Elementary School,594,0
636:3052,North Columbia Elementary School,317,0
636:397,Euchee Creek Elementary School,416,6
636:4050,Evans High School,357,1
636:4052,North Harlem Elementary School,437,4
636:5050,Grovetown Elementary School,479,0
636:5052,South Columbia Elementary School,443,0
636:ALL,Columbia County,13714,74
637:101,Cook County Middle School,649,6
637:196,Cook Elementary School,1235,6
637:2050,Cook County High School,160,1
637:ALL,Cook County,2044,13
638:101,Arbor Springs Elementary,490,0
638:103,Willis Road Elementary,522,0
638:1050,Arnco-Sargent Elementary School,391,2
638:1054,Ruth Hill Elementary School,342,0
638:1056,Evans Middle School,714,26
638:189,White Oak Elementary School,607,0
638:191,Cannongate Elementary School,552,0
638:192,Newnan Crossing Elementary School,664,2
638:195,Jefferson Parkway Elementary School,262,31
638:196,Northgate High School,307,6
638:199,Poplar Road Elementary School,588,11
638:2050,Atkinson Elementary School,361,0
638:2052,Eastside Elementary School,458,0
638:2056,Northside Elementary School,346,0
638:289,East Coweta Middle School,899,0
638:295,Thomas Crossroads Elementary School,483,0
638:299,Madras Middle School,894,8
638:301,Smokey Road Middle School,927,0
638:3052,Elm Street Elementary School,336,3
638:3054,Moreland Elementary School,569,0
638:389,East Coweta High School,410,16
638:395,Arnall Middle School,1048,0
638:5054,Newnan High School,384,11
638:5056,Western Elementary School,392,0
638:ALL,Coweta County,12946,116
639:192,Crawford County Elementary School,767,6
639:193,Crawford County High School,104,0
639:202,Crawford County Middle School,498,7
639:ALL,Crawford County,1369,13
640:1050,Blackshear Trail Elementary School,276,0
640:196,Crisp County High School,186,2
640:197,Crisp County Middle School,970,5
640:2052,Southwestern Elementary School,578,5
640:297,A. S. Clark Elementary School,421,0
640:5050,J. S. Pate Elementary School,357,5
640:ALL,Crisp County,2788,17
641:101,Dade Elementary School,745,9
641:195,Dade County High School,154,0
641:275,Davis Elementary School,260,2
641:295,Dade Middle School,604,2
641:ALL,Dade County,1763,13
642:103,Kilough Elementary School,320,0
642:189,Robinson Elementary School,543,2
642:198,Dawson County High School,152,1
642:199,Black's Mill Elementary School,347,5
642:286,Dawson County Middle School,698,8
642:ALL,Dawson County,2060,16
643:1052,Elcan-King Elementary School,427,6
643:1054,Lillian E. Williams Elementary School,226,5
643:191,Potter Street Elementary School,337,7
643:2050,West Bainbridge Middle School,640,5
643:2052,Hutto Middle School,684,14
643:3050,Bainbridge High School,315,16
643:3052,John Johnson Elementary School,368,6
643:4052,Jones-Wheat Elementary School,390,1
643:5052,West Bainbridge Elementary School,362,2
643:ALL,Decatur County,3749,62
644:100,Narvie Harris Elementary School,761,0
644:101,Avondale Middle School,937,18
644:102,Wynbrooke Elementary School,709,0
644:103,"Martin Luther King, Jr. High School",381,0
644:104,KIPP: PATH Academy Elementary School,129,0
644:1050,Hooper Alexander Elementary School,433,0
644:1051,Avondale High School,208,0
644:1052,Brockett Elementary School,337,0
644:1053,Chapel Hill Elementary School,634,9
644:1054,Columbia Elementary School,407,0
644:1055,Dresden Elementary School,467,0
644:1056,Evansdale Elementary School,434,0
644:1057,McNair Middle School,1194,25
644:1059,Idlewood Elementary School,439,0
644:1061,Livsey Elementary School,236,0
644:1062,Medlock Elementary School,204,12
644:1063,Nancy Creek Elementary School,272,0
644:1064,Peachcrest Elementary School,238,0
644:1067,Sky Haven Elementary School,453,0
644:1068,Leslie J. Steele Elementary School,241,0
644:1070,Tucker High School,285,0
644:1071,Woodward Elementary School,496,0
644:172,Cedar Grove High School,323,1
644:173,Vanderlyn Elementary School,572,0
644:175,Austin Elementary School,425,0
644:176,Redan High School,435,5
644:177,Margaret Harris High School,25,23
644:181,Eldridge L. Miller Elementary School,552,25
644:188,Panola Way Elementary School,842,5
644:189,Peachtree Middle School,1073,18
644:190,Pine Ridge Elementary School,847,1
644:191,Browns Mill Elementary School,829,0
644:193,Chapel Hill Middle School,902,19
644:197,Marbut Elementary School,716,0
644:199,DeKalb Alternative Night School,20,0
644:200,Cedar Grove Middle School,1401,15
644:201,Freedom Middle School,1165,21
644:202,Lithonia High School,366,2
644:203,Lithonia Middle School,1545,23
644:205,Redan Middle School,1284,9
644:2050,Allgood Elementary School,483,14
644:2054,Columbia High School,302,4
644:2055,Druid Hills High School,231,2
644:2056,Fernbank Elementary School,334,0
644:2057,Gresham Park Elementary School,312,0
644:2058,Henderson Mill Elementary School,396,0
644:2059,Indian Creek Elementary School,528,0
644:2060,Knollwood Elementary School,433,0
644:2061,McLendon Elementary School,431,2
644:2062,Midvale Elementary School,299,24
644:2065,Cary Reynolds Elementary School,469,0
644:2068,Stone Mountain Elementary School,617,0
644:2069,Tilson Elementary School,324,0
644:2070,Wadsworth Elementary School,242,7
644:272,Rockbridge Elementary School,556,15
644:275,Cedar Grove Elementary School,940,1
644:276,Stone Mountain High School,327,2
644:288,Kittredge Magnet School,383,0
644:290,Sequoyah Middle School,960,0
644:291,Salem Middle School,1438,17
644:293,Shadow Rock Elementary School,686,0
644:297,"Edward L. Bouie, Sr. Elementary School",644,0
644:299,Chamblee Middle School,574,0
644:301,Columbia Middle School,1263,17
644:302,DeKalb Transition School,43,0
644:303,International Community Charter,117,0
644:3050,Ashford Park Elementary School,271,0
644:3051,Briarlake Elementary School,271,0
644:3052,Canby Lane Elementary School,594,16
644:3053,Chesnut Elementary School,415,0
644:3055,Dunaire Elementary School,512,0
644:3056,Flat Shoals Elementary School,312,0
644:3057,Hambrick Elementary School,622,8
644:3058,Heritage Educational Center,44,51
644:3059,Jolly Elementary School,391,0
644:3060,Lakeside High School,296,1
644:3061,Meadowview Elementary School,271,0
644:3062,Midway Elementary School,236,0
644:3063,Oak Grove Elementary School,394,6
644:3064,Pleasantdale Elementary School,489,1
644:3065,Rock Chapel Elementary School,780,7
644:3067,Smoke Rise Elementary School,447,13
644:3069,Toney Elementary School,315,0
644:3070,McNair High School,247,7
644:375,Fairington Elementary School,766,15
644:397,Stephenson Middle School,1299,25
644:399,Robert Shaw Theme School,412,0
644:400,DeKalb School of the Arts,98,0
644:401,Mary McLeod Bethune Middle School,1383,21
644:402,Academy of Lithonia Charter School,364,0
644:4050,Atherton Elementary School,364,0
644:4051,Briar Vista Elementary School,243,0
644:4052,Murphy Candler Elementary School,755,2
644:4053,Clarkston High School,310,1
644:4054,Cross Keys High School,215,0
644:4056,Forrest Hills Elementary School,230,0
644:4058,Hightower Elementary School,373,16
644:4059,Kelley Lake Elementary School,330,24
644:4060,Laurel Ridge Elementary School,283,19
644:4062,Montclair Elementary School,439,0
644:4063,Oakcliff Elementary School,383,0
644:4064,Rainbow Elementary School,467,9
644:4065,Rowland Elementary School,398,0
644:4067,Snapfinger Elementary School,540,0
644:4068,Stoneview Elementary School,737,0
644:4069,Towers High School,258,2
644:475,Bob Mathis Elementary School,318,2
644:497,Stephenson High School,479,3
644:500,DeKalb Alternative School,117,0
644:501,DeKalb Truancy School,13,0
644:5016,Coralwood Education Center,,
644:503,East DeKalb Special Education Center,84,0
644:5050,Avondale Elementary School,301,0
644:5052,Chamblee High School,322,2
644:5053,Clifton Elementary School,444,0
644:5055,Dunwoody High School,307,2
644:5056,Glen Haven Elementary School,415,1
644:5057,Hawthorne Elementary School,244,0
644:5058,Huntley Hills Elementary School,252,10
644:5059,Kingsley Elementary School,272,0
644:5062,Montgomery Elementary School,270,6
644:5064,Redan Elementary School,693,0
644:5065,Sagamore Hills Elementary School,289,9
644:5066,DeKalb/Rockdale PsychoEducation Center,108,14
644:5067,Southwest DeKalb High School,320,3
644:5068,Terry Mill Elementary School,354,0
644:575,Stone Mill Elementary School,465,0
644:597,Miller Grove Middle School,1272,16
644:675,Woodridge Elementary School,522,0
644:697,Stone Mountain Middle School,1081,19
644:775,Open Campus High School,149,0
644:797,Henderson Middle School,1279,26
644:897,Shamrock Middle School,1194,20
644:ALL,DeKalb County,65667,713
645:180,Dodge County Middle School,827,4
645:191,South Dodge Elementary School,678,1
645:291,North Dodge Elementary School,648,10
645:3050,Dodge County High School,180,4
645:ALL,Dodge County,2333,19
646:104,Dooly County Elementary School,584,1
646:182,Dooly County High School,61,1
646:204,Dooly County Middle School,333,2
646:ALL,Dooly County,978,4
647:101,Albany Middle School,595,9
647:103,Robert A. Cross Middle Magnet,572,0
647:1050,Albany High School,156,6
647:1058,Monroe High School,198,5
647:1060,Radium Springs Middle School,600,1
647:1062,Sylvandale Elementary School,277,27
647:199,Lamar Reese School of the Arts,401,12
647:2052,Dougherty Comprehensive High School,220,4
647:2056,Magnolia Elementary School,624,1
647:2058,Morningside Elementary School,508,0
647:2062,Sylvester Road Elementary School,469,0
647:299,Alice Coachman Elementary School,453,1
647:3052,Dougherty Middle School,742,19
647:3054,Jackson Heights Elementary School,362,0
647:3058,Northside Elementary School,406,10
647:3062,Turner Elementary School,420,1
647:399,"Martin Luther King, Jr. Elementary School",371,11
647:4054,Lake Park Elementary School,555,0
647:4056,Merry Acres Middle School,870,1
647:4060,Sherwood Acres Elementary School,461,1
647:4062,Westover High School,282,0
647:5054,Lincoln Elementary Magnet,537,0
647:5056,International Studies Elementary Magnet,243,1
647:5058,Radium Springs Elementary School,264,1
647:5060,Southside Middle School,595,0
647:5062,West Town Elementary School,400,0
647:ALL,Dougherty County,11581,111
648:100,Chapel Hill High School,323,3
648:103,Yeager Middle School,892,12
648:1050,Bill Arp Elementary School,385,0
648:1054,Winston Elementary School,340,8
648:175,Lithia Springs Comprehensive High School,298,3
648:178,Arbor Station Elementary School,472,0
648:180,Fairplay Middle School,740,5
648:184,Dorsett Shoals Elementary School,399,11
648:187,Alexander High School,321,0
648:188,Chestnut Log Middle School,816,9
648:189,Factory Shoals Elementary School,402,0
648:193,South Douglas Elementary School,408,0
648:198,Bright Star Elementary School,528,2
648:200,Holly Springs Elementary,461,1
648:203,New Manchester Elementary School,418,5
648:2050,Beulah Elementary School,378,0
648:2054,Turner Middle School,798,8
648:280,Chapel Hill Elementary School,435,6
648:298,Sweetwater Elementary School,407,0
648:303,Mirror Lake Elementary School,356,1
648:3052,Lithia Springs Elementary School,414,7
648:3550,Chapel Hill Middle School,1000,0
648:398,Burnett Elementary School,366,13
648:4050,Douglas County High School,291,1
648:4052,Mount Carmel Elementary School,376,0
648:498,Eastside Elementary School,537,7
648:5050,Stewart Middle School,662,11
648:5052,Annette Winn Elementary School,406,0
648:ALL,Douglas County,13629,113
649:194,Early County Elementary School,968,7
649:197,Early County Middle School,635,4
649:2050,Early County High School,178,2
649:ALL,Early County,1781,13
650:1050,Echols County High/Elementary School,502,6
650:ALL,Echols County,502,6
651:103,Springfield Elementary School,477,1
651:186,South Effingham Elementary School,633,1
651:190,Guyton Elementary School,443,11
651:196,Sandhill Elementary School,333,0
651:197,South Effingham High School,261,0
651:203,Ebenezer Middle School,787,6
651:290,Effingham County Middle School,606,8
651:296,Ebenezer Elementary School,568,8
651:297,South Effingham Middle School,855,7
651:3050,Marlow Elementary School,474,0
651:390,Effingham County High School,291,4
651:4050,Rincon Elementary School,560,0
651:ALL,Effingham County,6288,46
652:100,Doves Creek Elementary School,279,0
652:104, Elbert County Middle School,902,6
652:1050,Beaverdam Elementary School,294,0
652:1052,Falling Creek Elementary School,288,0
652:176,Elbert County High School,209,0
652:177,Blackwell Elementary School,227,3
652:3050,Bowman Elementary School,197,0
652:ALL,Elbert County,2396,9
653:100,Twin City Elementary School,384,4
653:1050,Adrian School of Performing Arts,186,7
653:189,Swainsboro High School,223,8
653:192,Swainsboro Middle School,733,19
653:196,Swainsboro Primary School,505,7
653:198,Swainsboro Elementary School,668,11
653:2050,Emanuel County Institute,305,5
653:ALL,Emanuel County,3004,61
654:196,Claxton Elementary School,642,5
654:2050,Claxton High School,66,0
654:3050,Claxton Middle School,474,4
654:ALL,Evans County,1182,9
655:1050,Blue Ridge Elementary School,370,14
655:176,Fannin County High School,210,10
655:193,Fannin County Middle School,728,4
655:194,East Fannin Elementary School,401,1
655:293,West Fannin Elementary School,434,0
655:ALL,Fannin County,2143,29
656:102,Cleveland Elementary School,304,0
656:103,Sara Harp Minter Elementary School,605,0
656:104,Crabapple Lane Elementary School,388,0
656:1050,Brooks Elementary School,282,1
656:1052,Peachtree City Elementary School,354,1
656:174,Tyrone Elementary School,300,0
656:178,Booth Middle School,1145,6
656:180,Huddleston Elementary School,521,0
656:181,North Fayette Elementary School,388,7
656:182,McIntosh High School,373,2
656:186,Oak Grove Elementary School,433,2
656:187,East Fayette Elementary School,490,5
656:191,Braelinn Elementary School,501,4
656:192,Sandy Creek High School,289,3
656:194,Evening School,17,0
656:196,Kedron Elementary School,393,3
656:198,Starrs Mill High School,443,2
656:199,Peeples Elementary School,696,0
656:204,9th Grade Center - Whitewater,,
656:287,Fayette Middle School,963,15
656:291,Robert J. Burch Elementary School,478,5
656:296,Spring Hill Elementary School,517,11
656:298,Rising Starr Middle School,1158,1
656:302,Fayetteville Intermediate Elementary School,479,5
656:391,Whitewater Middle School,1081,0
656:398,Fayette County High School,522,4
656:402,Hood Avenue Primary  Elementary School,283,0
656:491,Flat Rock Middle School,880,7
656:ALL,Fayette County,14283,84
657:101,Model 6-8 Middle School,547,4
657:102,Johnson Elementary,374,6
657:1050,Alto Park Elementary School,287,7
657:173,McHenry Primary,197,13
657:188,Model Elementary School,447,2
657:191,S.P.I.C.E.,,
657:195,Armuchee Elementary School,515,1
657:199,Pepperell Elementary,527,28
657:201,Model 9-12 High School,129,2
657:2052,Garden Lakes Elementary School,410,0
657:2054,Midway Primary,236,0
657:273,Pepperell Middle School,820,15
657:301,Armuchee Middle School,507,9
657:3050,Cave Spring Elementary School,232,0
657:3052,Glenwood Primary School,328,0
657:401,Armuchee High School,135,1
657:4050,Coosa Middle School,589,1
657:4054,Pepperell Primary,298,0
657:5050,Coosa High School,154,0
657:5054,Pepperell High School,190,13
657:ALL,Floyd County,6922,102
658:100,Settles Bridge Elementary School,698,0
658:102,Matt Elementary School,752,0
658:103,Cumming Elementary School,802,10
658:104,Sharon Elementary School,915,5
658:1050,Big Creek Elementary School,765,0
658:1052,Midway Elementary School,563,1
658:176,Mashburn Elementary School,556,0
658:182,Coal Mountain Elementary School,567,1
658:190,South Forsyth High School,447,2
658:194,Chattahoochee Elementary School,617,1
658:195,North Forsyth High School,368,2
658:197,Daves Creek Elementary School,824,1
658:198,Vickery Creek  Elementary School,726,0
658:199,Vickery Creek Middle School,877,6
658:202,Otwell Middle School,1011,14
658:203,Sawnee Elementary School,430,20
658:204,Chestatee Elementary,858,1
658:298,Sawnee Primary School,302,4
658:303,Liberty Middle School,845,0
658:498,North Forsyth Middle School,962,6
658:5050,Forsyth Central High School,372,5
658:598,South Forsyth Middle School,1409,0
658:ALL,Forsyth County,15666,79
659:1052,Royston Elementary School,416,1
659:2050,Carnesville Elementary School,558,9
659:3050,Franklin County High School,209,4
659:4050,Franklin County Middle School,942,6
659:5050,Lavonia Elementary School,432,0
659:ALL,Franklin County,2557,20
660:100,Summit Hill Elementary,927,0
660:101,Abbotts Hill Elementary School,663,1
660:102,Creek View Elementary School,751,1
660:103,Hembree Springs Elementary School,533,1
660:104,Spalding Drive Elementary,500,0
660:1050,Alpharetta Elementary School,810,35
660:1064,Oak Knoll Elementary School,480,0
660:1067,Roswell North Elementary School,630,0
660:175,Jackson Elementary School,337,0
660:176,Banneker High School,283,20
660:180,Dolvin Elementary School,480,0
660:181,College Park Elementary School,243,0
660:184,Crabapple Middle School,944,0
660:186,Camp Creek Middle School,984,56
660:187,Barnwell Elementary School,523,1
660:189,McNair Middle School,1035,5
660:190,Lake Windward Elementary School,658,15
660:191,Roswell High School,517,9
660:192,Hapeville Elementary School,520,0
660:193,Crabapple Crossing Elementary School,748,0
660:195,New Prospect Elementary School,822,11
660:197,Northwood Elementary School,735,0
660:198,Centennial High School,460,6
660:199,Stonewall Tell Elementary School,366,0
660:202,Hillside Elementary School,644,0
660:203,Northview High School,473,0
660:204,KIPP Charter School,69,0
660:2058,Bethune Elementary School,525,0
660:2060,Milton High School,576,0
660:2070,Campbell Elementary School,459,11
660:2550,Brookview Elementary School,335,0
660:273,S. L. Lewis Elementary School,431,14
660:275,Nolan Elementary School,418,0
660:276,Gullatt Elementary School,381,0
660:284,Holcomb Bridge Middle School,800,25
660:286,Ridgeview Middle School,591,0
660:289,Woodland Middle School,781,0
660:290,Tubman Elementary School,427,0
660:291,Creekside High School,314,5
660:292,Palmetto Elementary School,391,0
660:295,Findley Oaks Elementary School,760,1
660:297,State Bridge Crossing Elementary School,688,1
660:298,Sweet Apple Elementary School,686,22
660:299,Manning Oaks Elementary School,649,0
660:301,Heritage Elementary School,633,18
660:302,Elkins Pointe Middle School,988,11
660:305,Autrey Mill Middle School,981,0
660:3056,Heards Ferry Elementary School,354,1
660:3058,Lee Elementary School,290,0
660:3064,Parklane Elementary School,326,0
660:3066,Riverwood High School,289,0
660:373,Mountain Park Elementary School,640,0
660:383,McClarin Alternative School,140,0
660:384,Haynes Bridge Middle School,873,23
660:386,Independence Alternative School,67,0
660:390,Randolph Elementary School,601,0
660:391,Bear Creek Middle School,1321,11
660:392,Chattahoochee High School,465,0
660:397,River Eves Elementary School,540,0
660:398,Shakerag  Elementary School,839,0
660:401,Dunwoody Springs Elementary School,529,1
660:402,River Trail Middle School,1405,0
660:4056,High Point Elementary School,506,0
660:4060,Mimosa Elementary School,529,22
660:4062,North Springs High School,415,0
660:4069,E. C. West Elementary School,512,0
660:491,Medlock Bridge Elementary School,698,1
660:497,Webb Bridge Middle School,1149,3
660:501,Hamilton E. Holmes Elementary,429,14
660:502,Fulton County Charter High School for Mathematics,67,0
660:503,Liberty Point Elementary School,479,0
660:5052,Conley Hills Elementary School,376,1
660:5060,Mount Olive Elementary School,361,14
660:5069,Westlake High School,259,0
660:591,Taylor Road Middle School,903,8
660:597,Northwestern Middle School,1708,4
660:601,Victory Charter Elementary School,376,0
660:602,Fulton Science Academy,204,1
660:603,Sandy Springs Middle School,771,0
660:691,Tri-Cities High School,391,8
660:701,Ocee Elementary School,692,2
660:702,Woodland Elementary School,591,22
660:803,Paul D. West Middle School,1198,19
660:ALL,Fulton County,49242,424
661:103,Mountain View Elementary,404,0
661:188,Ellijay Primary School,377,0
661:196,Gilmer  High School,212,0
661:2050,Ellijay Elementary School,541,8
661:296,Gilmer Middle School,928,11
661:4050,Oakland Elementary School,224,0
661:ALL,Gilmer County,2686,19
662:196,Glascock County Consolidated School,395,1
662:ALL,Glascock County,395,1
663:1052,Altama Elementary School,492,0
663:1056,St. Simons Elementary School,326,1
663:1554,Jane Macon Middle School,820,10
663:178,Glyndale Elementary School,506,3
663:190,Golden Isles Elementary School,704,10
663:195,Oglethorpe Point Elementary School,459,4
663:198,Satilla Marsh Elementary School,529,0
663:199,Needwood Middle School,770,15
663:298,Greer Elementary School,536,6
663:3552,Brunswick High School,323,13
663:4052,Burroughs-Molette Elementary School,536,9
663:4054,Risley Middle School,452,6
663:4752,Glynn Academy,344,5
663:4952,Glynn Middle School,707,8
663:5052,Goodyear Elementary School,385,1
663:ALL,Glynn County,7889,91
664:1050,Belwood Elementary School,487,1
664:176,Tolbert Elementary School,510,0
664:190,Red Bud Elementary School,552,1
664:192,Sonoraville East Middle School,784,2
664:2050,Fairmount Elementary School,377,0
664:274,Swain Elementary School,383,5
664:286,Gordon Central High School,329,1
664:292,Ashworth Middle School,746,3
664:ALL,Gordon County,4168,13
665:1050,Cairo High School,258,5
665:1054,Whigham Elementary School,385,0
665:1550,Northside Elementary School,253,1
665:174,Washington Middle School,761,9
665:185,Eastside Elementary School,406,7
665:2050,Southside Elementary School,493,0
665:3050,Shiver Elementary School,403,0
665:ALL,Grady County,2959,22
666:101,Anita White Carson Middle School,489,5
666:201,Union Point Elementary,292,0
666:301,Greensboro Elementary,563,6
666:401,Greene County High School,142,1
666:ALL,Greene County,1486,12
667:100,Rock Springs Elementary School,926,11
667:101,Grayson High School,470,0
667:103,Norcross High School,542,1
667:104,Edward Buchannan School,,
667:1050,Berkmar High School,457,6
667:1052,Dyer Elementary School,543,10
667:1056,Lilburn Middle School,2161,5
667:1058,Rockbridge Elementary School,712,0
667:1105,J. A. Alford Elementary,663,0
667:1205,Duncan Creek Elementary,764,0
667:173,Centerville Elementary School,662,0
667:175,Trickum Middle School,1796,4
667:176,Parkview High School,574,2
667:180,Head Elementary School,542,15
667:182,Brookwood High School,679,1
667:183,Benefield Elementary School,788,10
667:184,Berkeley Lake Elementary School,998,5
667:185,Shiloh High School,441,1
667:186,Pinckneyville Middle School,1287,0
667:187,Meadowcreek High School,340,0
667:188,Richards Middle School,2158,5
667:189,Phoenix High School,153,0
667:190,Chattahoochee Elementary School,924,0
667:191,Dacula Elementary School,1164,6
667:193,Walnut Grove Elementary School,872,7
667:194,Craig Elementary School,798,0
667:195,Collins Hill High School,729,1
667:196,Harbins Elementary School,1315,0
667:197,Creekland Middle School,2725,18
667:198,Alton C. Crews Middle School,1283,13
667:199,Meadowcreek Elementary School,1074,0
667:200,Freeman's Mill Elementary School,959,5
667:205,Corley Elementary School,762,8
667:2050,Bethesda Elementary School,850,10
667:2052,Grayson Elementary School,968,0
667:2054,Harmony Elementary School,716,8
667:2056,Mountain Park Elementary School,494,1
667:2058,Snellville Middle School,1813,10
667:2558,South Gwinnett High School,383,3
667:273,Lanier Middle School,2912,15
667:275,Knight Elementary School,525,0
667:276,Sweetwater Middle School,2455,12
667:279,Five Forks Middle School,1147,20
667:280,Beaver Ridge Elementary School,819,15
667:282,Annistown Elementary School,438,7
667:283,Shiloh Middle School,1568,5
667:285,Hopkins Elementary School,919,0
667:286,Brookwood Elementary School,880,13
667:287,Norton Elementary School,1007,0
667:288,Minor Elementary School,793,0
667:289,McKendree Elementary School,941,3
667:291,Shiloh Elementary School,691,3
667:294,Nesbit Elementary School,910,3
667:295,Fort Daniel Elementary School,785,0
667:296,Sugar Hill Elementary School,827,7
667:297,Hull Middle School,1983,17
667:298,M. H. Mason Elementary School,984,15
667:299,T. Carl Buice School,,
667:300,Susan Stripling Elementary School,704,0
667:305,Ivy Creek Elementary School,723,0
667:3050,Britt Elementary School,797,0
667:3054,Harris Elementary School,1003,1
667:3550,Camp Creek Elementary School,804,0
667:3750,Central Gwinnett High School,406,0
667:376,Gwin Oaks Elementary School,942,23
667:380,Dacula Middle School,2941,19
667:382,Arcado Elementary School,691,0
667:388,Gwinnett InterVention Education (GIVE) Center,267,0
667:389,Cedar Hill Elementary School,1107,14
667:391,Pharr Elementary School,1069,3
667:394,Simonton Elementary School,1724,0
667:395,Jackson Elementary School,1442,1
667:397,Magill Elementary School,1123,13
667:398,Partee Elementary School,519,13
667:400,Riverside Elementary School,1310,9
667:4052,Dacula High School,561,3
667:4056,Norcross Elementary School,759,0
667:4058,Summerour Middle School,1043,1
667:4556,North Gwinnett High School,581,9
667:491,Oakland Center,92,34
667:494,Simpson Elementary School,933,9
667:495,Kanoheda Elementary School,884,0
667:497,McConnell Middle School,2038,0
667:498,Taylor Elementary School,1095,14
667:505,Sycamore Elementary School,654,0
667:5050,Duluth Middle School,1181,8
667:5054,Lawrenceville Elementary School,974,0
667:5056,Peachtree Elementary School,988,2
667:5058,Suwanee Elementary School,958,0
667:5550,Duluth High School,506,0
667:5554,Lilburn Elementary School,922,15
667:605,W. J. Cooper Elementary School,1026,9
667:705,Parsons Elementary School,651,0
667:805,Peachtree Ridge High School,378,0
667:ALL,Gwinnett County,89865,501
668:101,Cornelia Elementary School,423,9
668:1050,Baldwin Elementary School,496,0
668:189,Clarkesville Elementary School,418,5
668:196,North Habersham Middle School,668,8
668:201,Demorest Elementary School,461,8
668:2052,Habersham Central High School,317,6
668:296,South Habersham Middle School,787,10
668:3054,Woodville Elementary School,164,0
668:5050,Fairview Elementary School,201,0
668:5052,Hazel Grove Elementary School,207,0
668:ALL,Habersham County,4142,46
669:100,C. W. Davis Middle School,898,15
669:101,Martin Elementary School,708,14
669:102,Chestatee High School,183,4
669:103,Sugar Hill Elementary,516,6
669:1058,White Sulphur Elementary School,390,11
669:1552,East Hall High School,186,3
669:1556,North Hall High School,242,2
669:176,Myers Elementary School,505,0
669:189,West Hall High School,237,4
669:192,Spout Springs Elementary School,576,12
669:194,Mount Vernon Elementary School,612,10
669:196,Friendship Elementary School,568,0
669:198,Hall County/Gainesville Evening High School,45,0
669:200,Chestatee Middle School,903,10
669:202,Flowery Branch High School,192,2
669:2052,Flowery Branch Elementary School,519,0
669:2056,Oakwood Elementary School,431,11
669:276,Wauka Mountain Elementary School,396,2
669:289,East Hall Middle School,904,13
669:294,West Hall Middle School,856,17
669:3054,Lanier Elementary School,508,0
669:3056,Riverbend Elementary School,340,0
669:389,North Hall Middle School,847,14
669:4050,Chestnut Mountain Elementary School,430,2
669:4054,Lula Elementary School,377,0
669:4056,Sardis Elementary School,502,6
669:4556,South Hall Middle School,896,13
669:4752,Johnson High School,226,1
669:5050,Jones Elementary School,315,0
669:5052,Lyman Hall Elementary School,521,4
669:5054,McEver Elementary School,323,0
669:5056,Tadmore Elementary School,560,0
669:ALL,Hall County,15712,176
670:188,Lewis Elementary School,445,4
670:288,Hancock Central High School,462,1
670:4050,Southwest Elementary School,143,0
670:ALL,Hancock County,1050,5
671:104,Tallapoosa Primary School,261,0
671:178,Buchanan Elementary School,412,2
671:197,Haralson County Middle School,916,11
671:2050,Buchanan Primary School,281,4
671:3050,Haralson County High School,198,4
671:4050,West Haralson Elementary School,379,0
671:ALL,Haralson County,2447,21
672:188,Park Elementary School,420,6
672:190,Pine Ridge Elementary School,384,0
672:199,Mulberry Creek Elementary School,417,0
672:290,New Mountain Hill Elementary School,378,0
672:299,Harris County High School,285,4
672:399,Harris County Carver Middle School,1084,8
672:ALL,Harris County,2968,18
673:102,North Hart Elementary School,520,0
673:191,Hart County Middle School,883,10
673:195,Hart County Academy,35,0
673:202,South Hart Elementary School,457,5
673:3050,Hart County High School,192,4
673:5050,Hartwell Elementary School,348,1
673:ALL,Hart County,2435,20
674:102,Heard County Middle School,469,4
674:1050,Centralhatchee Elementary School,140,0
674:2050,Ephesus Elementary School,123,0
674:3050,Heard County Elementary School,570,1
674:4050,Heard County High School,104,1
674:ALL,Heard County,1406,6
675:100,Ola Elementary School,891,4
675:101,Union Grove High,403,1
675:104,Luella High School,236,0
675:1050,Fairview Elementary School,539,0
675:191,Cotton Indian Elementary School,501,5
675:194,Wesley Lakes Elementary School,646,7
675:195,Patrick Henry High School,170,0
675:196,Pate's Creek Elementary School,965,8
675:197,Pleasant Grove Elementary School,657,18
675:200,Mount Carmel Elementary School,569,13
675:203,East Lake Elementary,883,15
675:205,Henry County Evening Academy,25,0
675:2050,Hampton Elementary School,696,2
675:2552,Smith-Barnes Elementary School,453,0
675:291,Oakland Elementary School,724,2
675:294,Austin Road Elementary School,521,9
675:295,Stockbridge High School,370,5
675:297,Hickory Flat Elementary School,568,8
675:303,Unity Grove Elementary School,774,0
675:3050,Henry County High School,305,4
675:3052,Stockbridge Elementary School,583,0
675:391,Eagle's Landing High School,414,6
675:394,Eagle's Landing Middle School,1459,25
675:397,Austin Road Middle School,910,9
675:4050,Henry County Middle School,1395,11
675:503,Flippen Elementary School,763,5
675:5050,Locust Grove Elementary School,525,0
675:5052,Stockbridge Middle School,810,0
675:603,Luella Middle School,1391,15
675:703,Union Grove Middle,1558,23
675:803,McDonough Elementary School,661,0
675:ALL,Henry County,21365,195
676:100,Eagle Springs Elementary,502,2
676:102,Linwood Elementary School,295,0
676:103,Lake Joy Elementary,547,0
676:104,David A. Perdue Primary,287,1
676:1050,Bonaire Elementary School,552,9
676:1052,Northside Middle School,695,5
676:1054,Perry High School,203,0
676:1056,Tabor Middle School,695,10
676:1058,Watson Center,133,0
676:175,Pearl Stephens Elementary School,273,9
676:191,Northside Elementary School,440,16
676:192,Houston County High School,484,10
676:194,Perdue Elementary School,424,0
676:195,Quail Run Elementary School,565,15
676:196,Feagin Mill Middle School,1008,38
676:199,Matthew Arthur Elementary School,575,18
676:200,Perry Middle School,895,12
676:2050,Centerville Elementary School,468,0
676:2052,Northside High School,360,2
676:2054,Morningside Elementary School,262,0
676:2058,Westside Elementary School,401,0
676:296,Bonaire Middle School,1000,2
676:300,Houston County Career and Technology Center,28,0
676:3050,Elberta Open Campus High School,22,0
676:3052,Parkwood Elementary School,392,0
676:3054,Bert Rumble Middle School,582,11
676:3056,Tucker Elementary School,294,0
676:3550,Kings Chapel Elementary School,284,17
676:400,Perry Primary School,250,1
676:4050,Lindsey Elementary School,265,20
676:4052,Perry Elementary School,229,0
676:4054,Russell Elementary School,524,1
676:4056,Warner Robins High School,386,0
676:5050,Miller Elementary School,411,0
676:5054,Shirley Hills Elementary School,376,0
676:5056,Warner Robins Middle School,717,15
676:ALL,Houston County,15824,214
677:173,Irwin County Middle School,423,3
677:188,Irwin County Elementary School,621,2
677:2050,Irwin County High School,115,2
677:ALL,Irwin County,1159,7
678:101,West Jackson Intermediate School,409,8
678:104,East Jackson Elementary School,323,14
678:1050,Benton Elementary School,218,2
678:191,Jackson County High School,292,14
678:193,Regional Evening Alternative School,8,0
678:197,East Jackson Middle School,678,18
678:2550,Maysville Elementary School,308,3
678:280,West Jackson Primary,300,5
678:297,West Jackson Middle School,704,17
678:3050,North Jackson Elementary School,291,4
678:4050,South Jackson Elementary School,373,3
678:ALL,Jackson County,3904,88
679:100,Washington Park Elementary School,448,2
679:101,Jasper County  High School,84,2
679:195,Jasper County Primary School,304,2
679:201,Jasper County Middle School,522,5
679:ALL,Jasper County,1358,11
680:101,Jeff Davis Middle School,621,5
680:102,Jeff Davis Primary School,380,2
680:199,Jeff Davis High School,172,4
680:3050,Jeff Davis Elementary School,581,4
680:ALL,Jeff Davis County,1754,15
681:1050,Carver Elementary School,232,0
681:1550,Louisville Academy,468,6
681:196,Jefferson County High School,186,10
681:296,Louisville Middle School,497,0
681:3550,Wrens Elementary School,479,0
681:396,Wrens Middle School,338,10
681:ALL,Jefferson County,2200,26
682:101,Jenkins County Middle School,433,9
682:1050,Jenkins County Elementary School,606,26
682:201,Jenkins County High School,77,8
682:ALL,Jenkins County,1116,43
683:101,Johnson County Middle School,283,10
683:197,Johnson County Elementary School,484,10
683:201,Johnson County High School,79,1
683:ALL,Johnson County,846,21
684:101,Clifton Ridge Middle School,543,7
684:102,Wells Primary School,233,0
684:1050,Califf Middle School,728,4
684:1550,Gray Elementary School,668,13
684:192,Jones County High School,292,3
684:199,Dames Ferry  Elementary School,628,1
684:4050,Wells Elementary School,413,0
684:ALL,Jones County,3505,28
685:175,Lamar County Comprehensive High School,144,0
685:190,Lamar County Primary/Elementary School,897,6
685:199,Lamar County Middle School,657,7
685:ALL,Lamar County,1698,13
686:101,Lanier County Middle School,345,5
686:201,Lanier County High School,99,1
686:3050,Lanier County Elementary School,544,2
686:ALL,Lanier County,988,8
687:101,Southwest Laurens Elementary,724,6
687:104,East Laurens Primary School,329,1
687:1052,East Laurens Elementary School,521,4
687:197,East Laurens High School,145,0
687:201,Northwest Laurens Elementary,766,1
687:2054,West Laurens Middle School,888,7
687:297,East Laurens Middle School,580,0
687:3054,West Laurens High School,223,2
687:ALL,Laurens County,4176,21
688:101,Lee County Middle School,1329,7
688:103,Lee County Elementary School,643,6
688:187,Lee County Primary School,374,2
688:193,Lee County High School,324,2
688:197,Kinchafoonee Primary School,362,0
688:393,Twin Oaks Elementary School,563,0
688:ALL,Lee County,3595,17
689:100,Waldo Pafford Elementary School,548,12
689:101,Midway Middle School,880,1
689:102,Liberty Elementary School,620,10
689:1050,Jordye Bacon Elementary School,446,0
689:180,Button Gwinnett Elementary School,502,0
689:183,Lyman Hall Elementary School,430,0
689:189,Joseph Martin Elementary School,486,5
689:192,Liberty County High School,240,4
689:194,Taylors Creek Elementary School,553,0
689:195,Snelson-Golden Middle School,1014,33
689:196,Frank Long Elementary School,538,0
689:197,Lewis Frasier Middle School,807,0
689:3050,Bradwell Institute,450,1
689:ALL,Liberty County,7514,66
690:101,Lincoln County Middle School,352,3
690:176,Lincoln County Elementary School,474,6
690:201,Lincoln County High School,100,1
690:ALL,Lincoln County,926,10
691:100,Smiley Elementary School,442,0
691:196,Long County School,912,7
691:ALL,Long County,1354,7
692:100,Dewar Elementary School,573,1
692:1050,Clyattville Elementary School,517,10
692:1052,Lowndes Middle School,1051,8
692:194,Moulton-Branch Elementary School,477,6
692:195,Hahira Elementary School,495,5
692:274,Pine Grove Elementary School,447,1
692:3050,Hahira Middle School,1161,17
692:3052,Parker Mathis Elementary School,330,1
692:4050,Lake Park Elementary School,485,2
692:5050,Lowndes High School,541,1
692:ALL,Lowndes County,6077,52
693:101,New Lumpkin County High School,187,9
693:103,Blackburn Elementary School,544,0
693:1050,Lumpkin County Middle School,904,5
693:191,Long Branch Elementary School,402,0
693:2050,Lumpkin County Elementary School,477,3
693:ALL,Lumpkin County,2514,17
694:198,Macon County Elementary School,802,6
694:199,Macon County Middle School,511,3
694:2060,Macon County High School,123,1
694:ALL,Macon County,1436,10
695:101,Hull-Sanford Elementary School,370,3
695:1050,Colbert Elementary School,286,1
695:1052,Madison County Middle School,1131,30
695:195,Danielsville Elementary School,462,16
695:2050,Comer Elementary School,248,0
695:4050,Ila Elementary School,364,11
695:5050,Madison County High School,297,11
695:ALL,Madison County,3158,72
696:175,Marion Middle School,541,6
696:197,L. K. Moss Primary School,444,3
696:275,Tri-County High School,102,1
696:ALL,Marion County,1087,10
697:179,Maxwell Elementary School,362,3
697:191,Dearing Elementary School,341,2
697:192,Thomson High School,249,7
697:194,Thomson Middle School,1013,14
697:294,Norris Elementary School,500,5
697:4050,Thomson Elementary School,341,0
697:ALL,McDuffie County,2806,31
698:101,McIntosh County Middle School,473,7
698:201,McIntosh County Academy High School,110,2
698:4050,Todd Grant Elementary School,694,6
698:ALL,McIntosh County,1277,15
699:100,Unity Elementary School,400,3
699:102,George E. Washington Elementary School,395,0
699:200,Mountain View Elementary School,591,10
699:300,Greenville High School,112,0
699:400,Greenville Middle School,373,1
699:4050,Manchester High School,121,0
699:5050,Manchester Middle School,500,4
699:ALL,Meriwether County,2492,18
700:101,Miller County Middle School,297,5
700:201,Miller County High School,78,0
700:276,Miller County Elementary School,373,0
700:ALL,Miller County,748,5
701:101,Baconton Community Charter School,370,0
701:197,Mitchell County Middle School,532,6
701:198,Mitchell County Primary School,322,3
701:282,Mitchell-Baker High School,120,1
701:297,Mitchell County Elementary School,456,6
701:ALL,Mitchell County,1800,16
702:1050,Hubbard Elementary School,845,9
702:177,Banks Stephens Middle School,890,7
702:184,Mary Persons High School,228,1
702:195,Hubbard Primary School,530,5
702:ALL,Monroe County,2493,22
703:101,Montgomery County Middle School,299,0
703:201,Montgomery Co. High,59,0
703:2050,Montgomery County Elementary School,482,2
703:ALL,Montgomery County,840,2
704:1050,Morgan County High School,188,0
704:191,Morgan County Elementary School,733,5
704:3050,Morgan County Primary School,435,6
704:5050,Morgan County Middle School,769,6
704:ALL,Morgan County,2125,17
705:1050,Chatsworth Elementary School,539,8
705:1052,Spring Place Elementary School,586,4
705:190,Murray County High School,321,1
705:195,Coker Elementary School,667,2
705:198,Eton Elementary School,591,3
705:290,Bagley Middle School,777,7
705:4050,Gladden Middle School,1000,12
705:5050,Northwest Elementary School,606,6
705:ALL,Murray County,5087,43
706:100,Midland Middle School,933,0
706:102,Fox Elementary School,387,0
706:1056,Cusseta Road Elementary School,360,19
706:1058,Dimon Elementary,376,3
706:1060,Edgewood Elementary School,386,0
706:1062,Georgetown Elementary School,390,1
706:1064,Kendrick High School,171,12
706:1066,Reese Road Elementary School,353,0
706:178,Fort Middle School,574,0
706:180,Marshall Middle School,521,0
706:191,Hannan Elementary,371,0
706:192,Brewer Elementary School,383,6
706:196,Blackmon Road Middle School,837,34
706:200,"Martin Luther King, Jr. Elementary School",363,0
706:203,Northside High School,236,3
706:2050,Arnold Middle School,682,22
706:2052,Blanchard Elementary School,572,0
706:2054,Clubview Elementary School,355,0
706:2058,Double Churches Elementary School,673,0
706:2062,Hardaway High School,332,11
706:2064,Key Elementary School,274,5
706:2065,Muscogee Elementary School,251,0
706:2066,Richards Middle School,703,0
706:2067,Rothschild Middle School,669,0
706:278,Shaw High School,225,0
706:296,Downtown Elementary Magnet Academy,286,0
706:300,Baker Middle School,608,14
706:301,East Columbus Magnet Academy,743,0
706:3054,Columbus High School,292,7
706:3056,Britt David Elementary Computer Magnet Academy,407,0
706:3060,Forrest Road Elementary School,288,0
706:3066,Rigdon Road Elementary School,164,0
706:3068,St. Marys Video and Communication Technology,361,0
706:3069,Waddell Elementary School,512,0
706:378,Spencer High School,198,0
706:401,Double Churches Middle School,826,0
706:4056,Davis Elementary School,332,0
706:4058,Eastway Elementary School,384,3
706:4062,Johnson Elementary School,313,0
706:4064,Mathews Elementary School,454,1
706:4065,Allen Elementary School,358,0
706:4066,River Road Elementary School,368,0
706:4067,South Columbus Elementary School,435,0
706:4070,Wynnton Elementary School,301,33
706:501,Midland Academy,621,1
706:5050,Benning Hills Elementary School,187,1
706:5052,Carver High School,292,4
706:5056,Dawson Elementary School,318,0
706:5058,Eddy Middle School,714,0
706:5060,Gentian Elementary School,345,20
706:5062,Jordan Vocational High School,168,0
706:5069,Wesley Heights Elementary School,351,10
706:ALL,Muscogee County,22003,210
707:101,Veterans Memorial Middle School,995,9
707:102,Oak Hill Elementary School,691,5
707:1050,East Newton Elementary School,462,0
707:1550,Ficquett Elementary School,490,26
707:173,Newton  High School,400,25
707:189,Fairview Elementary School,599,7
707:195,Clements Middle School,953,1
707:196,Cousins Middle School,719,18
707:198,Middle Ridge Elementary School,631,4
707:295,Eastside High School,272,18
707:298,West Newton Elementary School,631,3
707:3050,Livingston Elementary School,588,1
707:3052,Palmer Stone Elementary School,444,1
707:398,Indian Creek Middle School,913,4
707:4050,Mansfield Elementary School,344,0
707:4550,Heard-Mixon Elementary School,448,1
707:5050,Porterdale Elementary School,531,0
707:ALL,Newton County,10111,123
708:103,Rocky Branch Elementary School,414,0
708:1050,Oconee County Elementary School,500,5
708:188,Oconee County Primary School,299,2
708:193,Oconee County Middle School,924,5
708:197,Malcom Bridge Elementary School,398,1
708:198,Malcom Bridge Middle School,525,5
708:293,Oconee County High School,400,6
708:3050,Colham Ferry Elementary School,437,0
708:ALL,Oconee County,3897,24
709:198,Oglethorpe County Elementary School,526,1
709:2050,Oglethorpe County High School,141,0
709:298,Oglethorpe County Primary School,330,2
709:3050,Oglethorpe County Middle School,564,5
709:ALL,Oglethorpe County,1561,8
710:101,Hiram High School,392,6
710:103,Bessie L. Baggett Elementary,615,6
710:104,Lillian C. Poole Elementary School,471,0
710:1050,Dallas Elementary School,533,0
710:188,McGarity Elementary School,528,3
710:192,South Paulding Middle School,949,10
710:194,Floyd L. Shelton Elementary School at Crossroad,425,1
710:197,Sam D. Panter Elementary School,525,0
710:198,Nebo Elementary School,704,21
710:199,C. A. Roberts Elementary School,675,20
710:201,Lena Mae Moses Middle School,968,4
710:204,Roland W. Russom Elementary,382,2
710:2052,New Georgia Elementary School,430,7
710:2352,Herschel Jones Middle School,978,9
710:2552,Paulding County High School,312,11
710:292,East Paulding High School,315,5
710:294,Northside Elementary School,593,9
710:297,J. A. Dobbins Middle School,1169,2
710:299,Allgood Elementary School,604,0
710:3052,Abney Elementary School,503,0
710:392,Ritch Elementary School,755,0
710:394,East Paulding Middle School,1009,0
710:4052,Union Elementary School,283,0
710:5050,Hiram Elementary School,485,0
710:ALL,Paulding County,14603,116
711:1050,Byron Elementary School,659,0
711:191,Fort Valley Middle School,585,1
711:197,Byron Middle School,481,14
711:2052,Peach County High School,203,0
711:291,Hunt Primary School,320,4
711:391,Hunt Elementary School,533,14
711:ALL,Peach County,2781,33
712:103,Hill City Elementary School,599,4
712:189,Pickens County Middle School,457,16
712:198,Pickens County High School,270,7
712:203,Jasper Elementary School,542,1
712:303,Tate Elementary School,378,2
712:403,Jasper Middle School,556,1
712:ALL,Pickens County,2802,31
713:182,Pierce County High School,188,1
713:197,Pierce County Middle School,821,9
713:297,Blackshear Elementary School,847,13
713:4050,Patterson Elementary School,334,0
713:ALL,Pierce County,2190,23
714:101,Pike County Elementary School,676,5
714:188,Pike County Primary School,447,6
714:194,Pike County High School,164,1
714:195,Pike County Middle School,709,2
714:ALL,Pike County,1996,14
715:102,Rockmart High School,164,2
715:103,Cedartown Middle School,999,7
715:1054,Goodyear Elementary School,411,5
715:1056,Elm Street Middle School,674,5
715:174,Westside Elementary School,577,0
715:183,Cherokee Elementary School,621,6
715:188,Northside Elementary,389,0
715:191,Euharlee Kindergarten,,
715:274,Eastside Elementary School,646,0
715:5050,Cedartown High School,237,2
715:ALL,Polk School District,4718,27
716:195,Pulaski County Middle School,414,6
716:2050,Hawkinsville High School,114,0
716:3050,Pulaski County Elementary School,577,4
716:ALL,Pulaski County,1105,10
717:176,Putnam County Middle School,642,6
717:198,Putnam County Elementary School,1007,2
717:276,Putnam County High School,120,1
717:ALL,Putnam County,1769,9
718:199,New Quitman County Elementary,244,3
718:ALL,Quitman County,244,3
719:100,Rabun County Middle School,363,8
719:1050,Clayton Elementary School,535,7
719:177,Rabun County High School,133,9
719:3550,Rabun Gap Community School,229,0
719:5050,South Rabun Elementary School,330,4
719:ALL,Rabun County,1590,28
720:101,Randolph Clay Middle School,332,5
720:201,Randolph Clay High School,112,0
720:2050,Randolph County Elementary School,456,7
720:ALL,Randolph County,900,12
721:100,Cross Creek High School,273,5
721:101,Craig-Houghton Elementary School,357,1
721:102,Hephzibah Elementary School,362,2
721:103,Freedom Park Elementary,482,2
721:104,Wilkinson Gardens Elementary School,369,35
721:1052,Butler High School,243,0
721:1054,Garrett Elementary School,173,0
721:1058,Langford Middle School,725,6
721:1060,National Hills Elementary School,149,0
721:1062,Rollins Elementary School,321,0
721:1064,Walker Traditional Elementary School,564,0
721:1065,Windsor Spring Road Elementary School,525,32
721:1156,Hephzibah Middle School,1060,0
721:177,Meadowbrook Elementary School,551,0
721:184,Morgan Road Middle School,787,7
721:189,Jamestown Elementary School,670,0
721:190,Collins Elementary School,356,0
721:194,Goshen Elementary School,424,0
721:197,Glenn Hills Middle School,1168,0
721:201,Sue Reynolds Elementary School,409,3
721:2050,Barton Chapel Elementary School,455,0
721:2052,Copeland Elementary School,332,0
721:2054,Glenn Hills Elementary School,361,0
721:2056,Hephzibah High School,252,0
721:2058,Merry Elementary School,313,7
721:2064,Warren Road Elementary School,348,0
721:2556,Hornsby Elementary School,234,0
721:2562,East Augusta Middle School,445,1
721:2574,Westside High School,192,5
721:290,Willis Foreman Elementary School,663,0
721:294,Tobacco Road Elementary School,606,0
721:297,McBean Elementary School,429,0
721:300,Lake Forest Hills Elementary School,390,8
721:301,Jenkins-White Elementary School,297,0
721:3050,Bayvale Elementary School,250,0
721:3054,Glenn Hills High School,228,0
721:3058,Milledge Elementary School,234,0
721:3062,Sego Middle School,915,9
721:3556,Johnson Magnet,102,0
721:3756,Josey High School,191,12
721:390,Spirit Creek Middle School,911,10
721:4050,Blythe Elementary School,285,0
721:4054,Gracewood Elementary School,322,0
721:4056,Lamar Elementary School,264,1
721:4058,Monte Sano Elementary School,269,3
721:4060,Academy of Richmond County High School,255,0
721:4062,Southside Elementary School,286,0
721:4064,Wheeless Road Elementary School,328,0
721:4562,Davidson Magnet School,403,0
721:4762,Terrace Manor Elementary School,294,0
721:5054,Hains Elementary School,292,3
721:5058,Murphey Middle School,705,0
721:5062,Tubman Middle School,612,7
721:5564,Tutt Middle School,600,15
721:5566,Laney High School,112,1
721:ALL,Richmond County,23143,175
722:102,Peek's Chapel Elementary,445,0
722:174,Honey Creek Elementary School,434,14
722:176,Heritage High School,277,1
722:178,Barksdale Elementary School,500,0
722:189,Sims Elementary School,465,0
722:192,Salem High School,286,1
722:194,Shoal Creek Elementary School,481,0
722:197,Lorraine Elementary School,555,4
722:2050,Flat Shoals Elementary School,561,10
722:2052,Pine Street Elementary School,353,16
722:278,Conyers Middle School,1110,21
722:289,Hightower Trail Elementary School,441,16
722:294,Memorial Middle School,1261,15
722:3052,Rockdale County High School,271,18
722:378,Edwards Middle School,1268,20
722:4050,Hicks Elementary School,396,0
722:5050,House Elementary School,415,0
722:ALL,Rockdale County,9519,136
723:101,Schley Middle High School,246,3
723:198,Schley County Elementary School,561,2
723:ALL,Schley County,807,5
724:191,Screven County Elementary School,1083,9
724:197,Screven County Middle School,795,3
724:4052,Screven County High School,161,3
724:ALL,Screven County,2039,15
725:196,Seminole County Middle/High School,504,2
725:296,Seminole County Elementary School,659,11
725:ALL,Seminole County,1163,13
726:101,Spalding High School,234,0
726:1050,Anne Street Elementary School,269,0
726:1052,Jackson Road Elementary School,334,1
726:1054,Flynt Middle School,584,3
726:1550,Atkinson Elementary School,303,0
726:1750,Beaverbrook Elementary School,473,0
726:187,Griffin High School,283,17
726:188,Taylor Street Middle School,860,11
726:192,Cowan Road Elementary School,505,3
726:195,Jordan Hill Road Elementary School,438,12
726:199,Futral Road Elementary School,386,6
726:201,Cowan Road Middle School,744,1
726:2050,Crescent Road Elementary School,400,1
726:2054,A.Z. Kelsey Middle School,420,11
726:2552,Moore Elementary School,333,0
726:4052,Orrs Elementary School,566,7
726:ALL,Spalding County,7132,73
727:1052,Stephens County Middle School,1030,32
727:187,Liberty Elementary School,399,0
727:195,Big A Elementary School,405,7
727:197,Toccoa Elementary School,372,7
727:295,Eastanollee Elementary School,419,9
727:5050,Stephens County High School,255,10
727:ALL,Stephens County,2880,65
728:101,Stewart County Middle School,121,4
728:192,Stewart County Elementary School,285,7
728:201,Stewart-Quitman High School,32,2
728:ALL,Stewart County,438,13
729:100,Sumter County Primary School,472,2
729:183,Sumter County High School,110,4
729:188,Sumter County Elementary School,684,8
729:190,Sumter County Middle School,671,9
729:195,Americus High School,154,2
729:295,Cherokee Elementary School,397,4
729:395,Sarah Cobb Elementary School,524,6
729:595,Staley Middle School,692,7
729:ALL,Sumter County,3704,42
730:190,Central Elementary/High School,514,4
730:ALL,Talbot County,514,4
731:102,Taliaferro County School,191,0
731:ALL,Taliaferro County,191,0
732:101,Reidsville Middle School,299,4
732:194,Tattnall County High School,180,3
732:201,Glennville Middle School,316,5
732:301,Collins Elementary School,230,1
732:401,Collins Middle School,166,1
732:501,Glennville Elementary School,519,10
732:601,Reidsville Elementary School,469,5
732:ALL,Tattnall County,2179,29
733:101,Taylor County Middle School,440,3
733:178,Taylor County Elementary School,636,7
733:201,Taylor County High School,99,0
733:ALL,Taylor County,1175,10
734:101,Telfair County Middle School,410,1
734:104,Telfair County Elementary,624,1
734:201,Telfair County High School,91,0
734:ALL,Telfair County,1125,2
735:1050,Carver Elementary School,370,7
735:2050,Cooper Primary School,251,0
735:4050,Terrell County Middle/High School,495,0
735:ALL,Terrell County,1116,7
736:100,The School at Bishop Hall,12,0
736:191,Thomas County Central High School,313,8
736:194,Cross Creek Elementary School,1182,26
736:291,Central Middle School,1406,13
736:5050,Garrison-Pilcher Elementary School,751,13
736:ALL,Thomas County,3664,60
737:104,Annie Belle Clark Primary School,582,5
737:1052,J. T. Reddick Elementary School,485,5
737:173,G. O. Bailey Primary School,388,2
737:199,Tift County High School,370,3
737:2050,Len Lastinger Primary School,345,0
737:299,Eighth Street Middle School,1143,13
737:3050,Northside Primary School,337,1
737:3052,"Northeast Campus, Tift County High School",,
737:4050,Omega Elementary School,380,0
737:4052,Matt Wilson Elementary School,541,0
737:5050,Charles Spencer Elementary School,566,7
737:ALL,Tift County,5137,36
738:103,Toombs County Middle School,626,4
738:104,Lyons Primary School,315,4
738:192,Toombs County High School,154,0
738:204,Lyons Upper Elementary,415,3
738:4050,Toombs Central Elementary School,337,2
738:ALL,Toombs County,1847,13
739:103,Towns County Elementary School,404,3
739:104,Towns County Middle School,270,0
739:194,Mountain Education Center,105,0
739:204,Towns County High School,82,5
739:ALL,Towns County,861,8
740:2050,Treutlen Elementary School,435,2
740:3050,Treutlen Middle/High School,350,1
740:ALL,Treutlen County,785,3
741:101,Callaway Middle School,668,0
741:1052,LaGrange High School,252,0
741:1054,Unity Elementary School,347,0
741:187,West Point Elementary School,331,1
741:189,Long Cane Elementary School,420,4
741:191,Gardner-Newman Middle School,871,10
741:194,Hollis Hand Elementary School,436,5
741:201,Callaway High School,140,0
741:297,Long Cane Middle School,1048,1
741:3050,Hillcrest Elementary School,405,0
741:387,Troup County High School,261,3
741:397,Hogansville Elementary School,285,1
741:4050,Mountville Elementary School,371,0
741:4052,Cannon Street Elementary School,308,0
741:497,Whitesville Road Elementary School,381,5
741:5050,Rosemont Elementary School,293,0
741:5052,Berta Weathersbee Elementary School,355,5
741:597,Ethel Kight Magnet Elementary School,405,9
741:697,West Side Magnet School,459,0
741:ALL,Troup County,8036,44
742:1050,Turner County Specialty School,16,0
742:190,Turner County Middle School,432,7
742:196,Turner County Elementary School,674,7
742:3050,Turner County High School,101,2
742:ALL,Turner County,1223,16
743:104,Jeffersonville Elementary/Intermediate,371,11
743:201,Twiggs County High School,82,1
743:203,Dry Branch Elementary,224,0
743:403,Twiggs County Middle School,270,5
743:ALL,Twiggs County,947,17
744:101,Union County High School,149,0
744:103,Union County Elementary School,561,6
744:1050,Union County Primary School,388,6
744:182,Union County Middle School,621,5
744:3050,Woody Gap High/Elementary School,75,0
744:ALL,Union County,1794,17
745:195,Upson-Lee High School,274,8
745:198,Upson-Lee South Primary School,446,0
745:295,Upson-Lee North Elementary School,641,1
745:298,Upson-Lee South Elementary School,761,2
745:395,Upson-Lee Middle School,1226,9
745:ALL,Thomaston-Upson County,3348,20
746:100,Rock Spring Elementary School,289,8
746:180,LaFayette Middle School,969,19
746:190,Ridgeland High School,179,1
746:194,Rossville Elementary School,425,13
746:195,Gilbert Elementary School,350,6
746:198,LaFayette High School,153,3
746:199,Cherokee Ridge Elementary,657,9
746:200,North LaFayette Elementary School,420,0
746:2052,Fairyland Elementary School,230,0
746:2056,Naomi Elementary School,384,0
746:290,Chattanooga Valley Middle School,538,5
746:390,Rossville Middle School,613,10
746:4050,Chattanooga Valley Elementary School,534,0
746:5052,Stone Creek Elementary School,307,3
746:ALL,Walker County,6048,77
747:101,Atha Road Elementary School,809,7
747:1052,Monroe Primary School,368,2
747:176,Loganville Primary School,326,0
747:191,Loganville Elementary School,560,0
747:193,Carver Middle School,1134,33
747:195,Walnut Grove Elementary School,391,5
747:199,Loganville High School,336,1
747:202,Youth Elementary School,735,0
747:2052,Walker Park Elementary School,449,10
747:291,Loganville Middle School,1417,7
747:4050,Monroe High School,195,3
747:5050,Monroe Elementary School,603,7
747:ALL,Walton County,7323,75
748:194,Ware Magnet School,310,0
748:195,Ware County High School,303,4
748:196,Williams Heights Elementary School,322,13
748:295,Waycross Middle School,615,7
748:296,Center Elementary School,399,9
748:3050,Memorial Drive Elementary School,336,0
748:3052,Waresboro Elementary School,368,0
748:395,Ware County Middle School,766,6
748:396,Ruskin Elementary School,384,1
748:5050,Wacona Elementary School,470,0
748:ALL,Ware County,4273,40
749:2050,Warren County High School,250,0
749:3050,Freeman Elementary School,313,1
749:ALL,Warren County,563,1
750:1050,Crawford Primary School,152,1
750:1052,Washington County High School,212,0
750:199,T. J. Elder Middle School,927,9
750:2050,Elder Primary School,353,0
750:4050,Sandersville Elementary School,544,0
750:5050,Tennille Elementary School,309,10
750:ALL,Washington County,2497,20
751:101,Wayne County High School,304,0
751:1050,Jesup Elementary School,561,10
751:1052,Screven Elementary School,162,0
751:194,Martha Puckett Middle School,648,2
751:294,Arthur Williams Middle School,650,13
751:3050,Odum Elementary School,310,0
751:394,Oak Vista Elementary School,569,1
751:494,Bacon Elementary School,265,4
751:6000,Wayne County High Night School,9,0
751:ALL,Wayne County,3478,30
752:104,Webster County Elementary/Middle School,346,1
752:ALL,Webster County,346,1
753:1052,Wheeler County Elementary School,395,2
753:3052,Wheeler County High School,341,1
753:ALL,Wheeler County,736,3
754:100,White Co. Intermediate,631,4
754:104,Mount Yonah Elementary School,403,6
754:174,White County Middle School,903,13
754:197,White County High School,200,1
754:200,Jack P Nix Primary,410,0
754:ALL,White County,2547,24
755:1050,Antioch Elementary School,450,0
755:1052,Eastside Elementary School,482,7
755:1054,Varnell Elementary School,476,0
755:175,Northwest Whitfield County High School,353,1
755:191,Phoenix High School,46,0
755:199,New Hope Elementary School,507,0
755:2050,Cohutta Elementary School,250,0
755:2052,Pleasant Grove Elementary School,456,0
755:2054,Westside Elementary School,602,2
755:275,Southeast Whitfield County High School,273,3
755:3050,Dawnville Elementary School,539,0
755:3052,Tunnel Hill Elementary School,291,0
755:4050,Dug Gap Elementary School,382,0
755:4052,Valley Point Elementary School,486,0
755:475,Eastbrook Middle School,823,0
755:575,North Whitfield Middle School,1004,0
755:675,Valley Point Middle School,453,7
755:775,Westside Middle School,636,0
755:ALL,Whitfield County,8509,20
756:101,Wilcox County Middle School,327,3
756:195,Wilcox County Elementary School,522,3
756:201,Wilcox County High School,86,0
756:ALL,Wilcox County,935,6
757:1050,Washington-Wilkes Primary School,278,2
757:173,Washington-Wilkes High School,107,1
757:192,Washington-Wilkes Middle School,412,2
757:273,Washington-Wilkes Elementary School,407,6
757:ALL,Wilkes County,1204,11
758:1050,Wilkinson County Primary School,250,0
758:175,Wilkinson County Elementary School,345,3
758:275,Wilkinson County Middle School,384,6
758:3050,Wilkinson County High School,109,2
758:ALL,Wilkinson County,1088,11
759:176,Worth County High School,211,1
759:177,Holley Elementary School,442,7
759:193,Worth County Middle School,1058,8
759:196,Worth County Primary School,593,3
759:3051,Sylvester Elementary School,453,0
759:ALL,Worth County,2757,19
761:100,Brown Middle School,687,2
761:101,Parkside Elementary School,340,0
761:102,Metro Atlanta Respite and Developmental Services C,34,2
761:103,Heritage Academy Elementary,492,0
761:104,Dobbs Elementary School,392,0
761:1052,Bethune Elementary School,370,4
761:1053,Boyd Elementary School,192,0
761:1054,Burgess Elementary School,155,0
761:1063,Hutchinson Elementary School,330,0
761:1064,Kimberly Elementary School,395,1
761:1066,Rivers Elementary School,288,0
761:1068,Towns Elementary School,400,0
761:1560,Garden Hills Elementary School,381,0
761:1563,Inman Middle School,690,0
761:1567,Smith Elementary School,535,0
761:1664,Morningside Elementary School,609,11
761:173,Long Middle School,702,11
761:180,Bunche Middle School,815,9
761:182,Mays High School,399,0
761:186,Southside High School,210,4
761:188,Sylvan Hills Middle School,587,1
761:191,Turner Middle School,563,25
761:192,North Atlanta High School,316,3
761:195,South Atlanta High School,242,2
761:196,Cascade Elementary School,324,0
761:199,Centennial Place Elementary School,409,0
761:201,Charles R. Drew Charter School,689,2
761:203,Herndon Elementary,350,23
761:204,Miles Elementary School,277,0
761:2050,Adamsville Elementary School,324,5
761:2053,Brandon Elementary School,453,10
761:2057,Connally Elementary School,438,0
761:2059,East Lake Elementary School,176,0
761:2062,Hope Elementary School,268,0
761:2560,Gideons Elementary School,422,6
761:2563,Jackson Elementary School,526,0
761:2564,Lin Elementary School,328,0
761:2565,Peterson Elementary School,153,12
761:2568,Venetian Hills Elementary School,372,0
761:2569,West Manor Elementary School,247,1
761:2664,Crim High School,115,5
761:282,Young Middle School,914,10
761:288,Price Middle School,882,1
761:289,Crim Evening Program,44,0
761:293,Benjamin S. Carson Preparatory School,828,0
761:296,Perkerson Elementary School,367,0
761:303,Pitts-Mitchell Elementary Replacement,371,1
761:3050,Anderson Park Elementary School,252,17
761:3051,Beecher Hills Elementary School,263,0
761:3055,Carver High School,76,2
761:3057,Continental Colony Elementary School,297,0
761:3059,Fain Elementary School,324,0
761:3065,Peyton Forest Elementary School,429,0
761:3066,Rusk Elementary School,153,0
761:3067,Sutton Middle School,666,9
761:3068,Walden Middle School,341,15
761:3069,White Elementary School,323,3
761:3559,Fickett Elementary School,598,1
761:3566,Scott Elementary School,340,0
761:3569,Whitefoord Elementary School,399,0
761:373,King Middle School,532,5
761:403,APS-CEP Partnership School,422,0
761:4052,Blalock Elementary School,385,0
761:4056,Cleveland Elementary School,409,11
761:4057,Cook Elementary School,256,7
761:4058,Douglass High School,430,3
761:4063,M. A. Jones Elementary School,216,1
761:4066,Slater Elementary School,435,0
761:4560,Grady High School,209,4
761:4567,Therrell High School,189,2
761:4568,Washington High School,310,4
761:4569,Williams Elementary School,413,0
761:4664,Oglethorpe Elementary School,220,0
761:473,McGill Elementary School,120,1
761:4768,Washington Evening High School,105,0
761:503,University Community Academy,208,0
761:504,Harper-Archer Middle School,947,8
761:5050,Arkwright Elementary School,168,0
761:5051,Benteen Elementary School,355,0
761:5054,Capitol View Elementary School,224,0
761:5056,Coan Middle School,544,4
761:5065,Ragsdale Elementary School,200,11
761:5066,D. H. Stanton Elementary School,359,0
761:5067,Thomasville Heights Elementary School,437,0
761:5068,Waters Elementary School,359,0
761:5558,Dunbar Elementary School,304,0
761:5560,Grove Park Elementary School,414,0
761:5561,C. W. Hill Elementary School,308,1
761:5562,Humphries Elementary School,295,10
761:5563,Kennedy Middle School,491,9
761:5566,F. L. Stanton Elementary School,243,0
761:5567,Toomer Elementary School,249,0
761:5569,Woodson Elementary School,285,0
761:5664,Parks Middle School,593,13
761:603,Neighborhood Charter School,108,0
761:604,Usher Elementary School,375,0
761:703,School for Integrated Academics and Technologies,51,0
761:704,KIPP West Atlanta Young Scholars Academy,72,0
761:904,KIPP Achieve Academy,63,0
761:ALL,Atlanta City,36165,292
763:101,Sewell Middle School,379,4
763:201,Bremen High School,103,0
763:2050,Jones Elementary School,573,3
763:ALL,Bremen City,1055,7
764:100,Buford Academy,475,4
764:191,Buford High School,141,0
764:196,Buford Elementary School,327,0
764:291,Buford Middle School,568,2
764:ALL,Buford City,1511,6
765:192,Calhoun Elementary School,674,5
765:3050,Calhoun High School,145,1
765:4050,Calhoun Middle School,644,1
765:4550,Eastside Primary School,439,3
765:ALL,Calhoun City,1902,10
766:1050,Carrollton High School,251,2
766:1550,Carrollton Jr. High School,834,16
766:193,Carrollton Elementary School,1286,10
766:ALL,Carrollton City,2371,28
767:177,Cartersville Primary School,580,2
767:191,Cartersville Elementary School,868,11
767:2050,Cartersville High School,190,2
767:277,Cartersville Middle School,912,8
767:ALL,Cartersville City,2550,23
769:101,Gordon Lee Middle School,351,1
769:1050,Chickamauga Elementary School,426,0
769:201,Gordon Lee High School,105,1
769:ALL,Chickamauga City,882,2
771:1050,Commerce Elementary School,546,3
771:2050,Commerce High School,75,0
771:3050,Commerce Middle School,340,3
771:ALL,Commerce City,961,6
772:101,Park Creek Elementary School,422,18
772:1050,Brookwood Elementary School,316,1
772:1052,Roan Elementary School,376,0
772:173,Westwood Elementary School,382,0
772:201,Dalton Middle School,1279,4
772:301,City Park School,836,16
772:4050,Dalton High School,297,3
772:ALL,Dalton City,3908,42
773:103,Oakhurst Elementary School,120,0
773:1552,Renfroe Middle School,565,3
773:1750,Clairemont Elementary School,139,0
773:2050,College Heights Elementary School,82,1
773:3050,Decatur High School,168,1
773:3052,Westchester Elementary School,148,0
773:4052,Winnona Park Elementary School,197,0
773:5050,Glennwood Elementary School,138,0
773:ALL,Decatur City,1557,5
774:102,Dublin Middle School,760,10
774:104,Moore Street Elementary School,423,5
774:204,Saxon Heights Elementary School,419,2
774:304,Susie Dasher Elementary School,213,2
774:3050,Dublin High School,179,5
774:ALL,Dublin City,1994,24
776:104,New Holland Elementary School,277,0
776:193,Centennial Elementary School,564,1
776:204,Gainesville Elementary School,363,4
776:2050,Enota Elementary School,421,0
776:2550,Fair Street Elementary School,409,3
776:3050,Gainesville High School,257,0
776:4050,Gainesville Middle School,949,13
776:ALL,Gainesville City,3240,21
779:101,Jefferson Middle School,403,8
779:174,Jefferson High School,93,4
779:3050,Jefferson Elementary School,703,8
779:ALL,Jefferson City,1199,20
781:101,Marietta High School,401,5
781:103,Pine Forest Elementary School,345,0
781:188,Burruss Elementary School,425,1
781:194,Dunleith Elementary School,475,6
781:203,Marietta Middle School,1157,10
781:2052,Park Street Elementary School,531,0
781:294,Lockheed Elementary School,677,0
781:303,Marietta 6th Grade School,574,1
781:3050,Hickory Hills Elementary School,306,1
781:5052,West Side Elementary School,319,6
781:ALL,Marietta City,5210,30
784:101,Pelham High School,76,1
784:201,Pelham City Middle School,373,4
784:3050,Pelham Elementary School,576,3
784:ALL,Pelham City,1025,8
785:1052,Elm Street Elementary School,360,0
785:1054,Southeast Elementary School,180,11
785:173,West Central Elementary School,381,0
785:193,Rome High School,305,5
785:2050,Anna K. Davie Elementary School,171,0
785:2054,West End Elementary School,609,1
785:275,East Central Elementary School,400,2
785:293,Rome Middle School,884,6
785:3052,Main Elementary School,177,0
785:4052,North Heights Elementary School,184,1
785:ALL,Rome City,3651,26
786:100,Social Circle Primary School,234,2
786:103,Social Circle Middle School,348,8
786:200,Social Circle Elementary School,348,3
786:300,Social Circle High School,84,1
786:ALL,Social Circle City,1014,14
789:198,Balfour School For Young Children,,
789:3050,MacIntyre Park Middle School,669,9
789:3052,Scott Elementary School,376,8
789:4050,Harper Elementary School,265,0
789:4052,Thomasville High School,184,4
789:5050,Jerger Elementary School,394,0
789:ALL,Thomasville City,1888,21
791:101,Trion Elementary School,512,2
791:201,Trion Middle School,296,1
791:301,Trion High School,70,0
791:ALL,Trion City,878,3
792:101,Sallas Mahone Elementary,404,1
792:103,Valdosta Middle School,902,15
792:1052,Nunn Elementary School,553,3
792:173,Lomax-Pinevale Elementary School,377,5
792:195,Newbern Middle School,828,7
792:2050,West Gordon Elementary School,560,9
792:2052,Southeast Elementary School,557,4
792:273,Valdosta High School,471,20
792:5050,Mason Elementary School,385,0
792:ALL,Valdosta City,5037,64
793:173,J. R. Trippe Middle School,534,2
793:2050,J. D. Dickerson Primary School,390,2
793:273,Vidalia Comprehensive High School,154,6
793:5050,Sally Dailey Meadows Elementary School,559,4
793:ALL,Vidalia City,1637,14
795:103,CCAT School,134,0
795:ALL,Charter Conservatory for Arts and Technology,134,0
799:1893,Atlanta Area School for the Deaf,124,32
799:1894,Georgia Academy for the Blind,68,17
799:1895,Georgia School for the Deaf,68,14
799:ALL,State Schools,260,63
ALL:ALL,State of Georgia,1031834,8982

644:1071,Woodward Elementary School,496,0
644:172,Cedar Grove High School,323,1
644:173,Vanderlyn Elementary School,572,0
644:175,Austin Elementary School,425,0
644:176,Redan High School,435,5
644:177,Margaret Harris High School,25,23
644:181,Eldridge L. Miller Elementary School,552,25
644:188,Panola Way Elementary School,842,5
644:189,Peachtree Middle School,1073,18
644:190,Pine Ridge Elementary School,847,1
644:191,Browns Mill Elementary School,829,0
644:193,Chapel Hill Middle School,902,19
644:197,Marbut Elementary School,716,0
644:199,DeKalb Alternative Night School,20,0
644:200,Cedar Grove Middle School,1401,15
644:201,Freedom Middle School,1165,21
644:202,Lithonia High School,366,2
644:203,Lithonia Middle School,1545,23
644:205,Redan Middle School,1284,9
644:2050,Allgood Elementary School,483,14
644:2054,Columbia High School,302,4
644:2055,Druid Hills High School,231,2
644:2056,Fernbank Elementary School,334,0
644:2057,Gresham Park Elementary School,312,0
644:2058,Henderson Mill Elementary School,396,0
644:2059,Indian Creek Elementary School,528,0
644:2060,Knollwood Elementary School,433,0
644:2061,McLendon Elementary School,431,2
644:2062,Midvale Elementary School,299,24
644:2065,Cary Reynolds Elementary School,469,0
644:2068,Stone Mountain Elementary School,617,0
644:2069,Tilson Elementary School,324,0
644:2070,Wadsworth Elementary School,242,7
644:272,Rockbridge Elementary School,556,15
644:275,Cedar Grove Elementary School,940,1
644:276,Stone Mountain High School,327,2
644:288,Kittredge Magnet School,383,0
644:290,Sequoyah Middle School,960,0
644:291,Salem Middle School,1438,17
644:293,Shadow Rock Elementary School,686,0
644:297,"Edward L. Bouie, Sr. Elementary School",644,0
644:299,Chamblee Middle School,574,0
644:301,Columbia Middle School,1263,17
644:302,DeKalb Transition School,43,0
644:303,International Community Charter,117,0
644:3050,Ashford Park Elementary School,271,0
644:3051,Briarlake Elementary School,271,0
644:3052,Canby Lane Elementary School,594,16
644:3053,Chesnut Elementary School,415,0
644:3055,Dunaire Elementary School,512,0
644:3056,Flat Shoals Elementary School,312,0
644:3057,Hambrick Elementary School,622,8
644:3058,Heritage Educational Center,44,51
644:3059,Jolly Elementary School,391,0
644:3060,Lakeside High School,296,1
644:3061,Meadowview Elementary School,271,0
644:3062,Midway Elementary School,236,0
644:3063,Oak Grove Elementary School,394,6
644:3064,Pleasantdale Elementary School,489,1
644:3065,Rock Chapel Elementary School,780,7
644:3067,Smoke Rise Elementary School,447,13
644:3069,Toney Elementary School,315,0
644:3070,McNair High School,247,7
644:375,Fairington Elementary School,766,15
644:397,Stephenson Middle School,1299,25
644:399,Robert Shaw Theme School,412,0
644:400,DeKalb School of the Arts,98,0
644:401,Mary McLeod Bethune Middle School,1383,21
644:402,Academy of Lithonia Charter School,364,0
644:4050,Atherton Elementary School,364,0
644:4051,Briar Vista Elementary School,243,0
644:4052,Murphy Candler Elementary School,755,2
644:4053,Clarkston High School,310,1
644:4054,Cross Keys High School,215,0
644:4056,Forrest Hills Elementary School,230,0
644:4058,Hightower Elementary School,373,16
644:4059,Kelley Lake Elementary School,330,24
644:4060,Laurel Ridge Elementary School,283,19
644:4062,Montclair Elementary School,439,0
644:4063,Oakcliff Elementary School,383,0
644:4064,Rainbow Elementary School,467,9
644:4065,Rowland Elementary School,398,0
644:4067,Snapfinger Elementary School,540,0
644:4068,Stoneview Elementary School,737,0
644:4069,Towers High School,258,2
644:475,Bob Mathis Elementary School,318,2
644:497,Stephenson High School,479,3
644:500,DeKalb Alternative School,117,0
644:501,DeKalb Truancy School,13,0
644:5016,Coralwood Education Center,,
644:503,East DeKalb Special Education Center,84,0
644:5050,Avondale Elementary School,301,0
644:5052,Chamblee High School,322,2
644:5053,Clifton Elementary School,444,0
644:5055,Dunwoody High School,307,2
644:5056,Glen Haven Elementary School,415,1
644:5057,Hawthorne Elementary School,244,0
644:5058,Huntley Hills Elementary School,252,10
644:5059,Kingsley Elementary School,272,0
644:5062,Montgomery Elementary School,270,6
644:5064,Redan Elementary School,693,0
644:5065,Sagamore Hills Elementary School,289,9
644:5066,DeKalb/Rockdale PsychoEducation Center,108,14
644:5067,Southwest DeKalb High School,320,3
644:5068,Terry Mill Elementary School,354,0
644:575,Stone Mill Elementary School,465,0
644:597,Miller Grove Middle School,1272,16
644:675,Woodridge Elementary School,522,0
644:697,Stone Mountain Middle School,1081,19
644:775,Open Campus High School,149,0
644:797,Henderson Middle School,1279,26
644:897,Shamrock Middle School,1194,20
644:ALL,DeKalb County,65667,713
645:180,Dodge County Middle School,827,4
645:191,South Dodge Elementary School,678,1
645:291,North Dodge Elementary School,648,10
645:3050,Dodge County High School,180,4
645:ALL,Dodge County,2333,19
646:104,Dooly County Elementary School,584,1
646:182,Dooly County High School,61,1
646:204,Dooly County Middle School,333,2
646:ALL,Dooly County,978,4
647:101,Albany Middle School,595,9
647:103,Robert A. Cross Middle Magnet,572,0
647:1050,Albany High School,156,6
647:1058,Monroe High School,198,5
647:1060,Radium Springs Middle School,600,1
647:1062,Sylvandale Elementary School,277,27
647:199,Lamar Reese School of the Arts,401,12
647:2052,Dougherty Comprehensive High School,220,4
647:2056,Magnolia Elementary School,624,1
647:2058,Morningside Elementary School,508,0
647:2062,Sylvester Road Elementary School,469,0
647:299,Alice Coachman Elementary School,453,1
647:3052,Dougherty Middle School,742,19
647:3054,Jackson Heights Elementary School,362,0
647:3058,Northside Elementary